Name,Variant name,UOM,,MRP,Selling Price,,Category,EAN,Brand,Image Url
abc,-,Piece,,0,0,,Manual Product,1.77E+12,-,https://mbtegbgsvxbefyzyxlyr.supabase.co/storage/v1/object/public/user-data/groceries.png
Hells Energy drink 250ml,-,Pc,,60,60,,Manual Product,6.00E+12,-,https://mbtegbgsvxbefyzyxlyr.supabase.co/storage/v1/object/public/user-data/Hells_Energy_drink_250ml_1688203955900.png
Hells Energy drink 250ml,-,Pc,,60,60,,Manual Product,6.00E+12,-,https://mbtegbgsvxbefyzyxlyr.supabase.co/storage/v1/object/public/user-data/Hells_Energy_drink_250ml_1688203955900.png
Hells Energy drink 250ml,-,Pc,,60,60,,Manual Product,6.00E+12,-,https://mbtegbgsvxbefyzyxlyr.supabase.co/storage/v1/object/public/user-data/Hells_Energy_drink_250ml_1688203955900.png
fortune Soya Chunks,-,Piece,,10,10,,Manual Product,8.91E+12,-,https://mbtegbgsvxbefyzyxlyr.supabase.co/storage/v1/object/public/user-data/groceries.png
Ancient Living Baby Massage Oil,Almond 100 ml,100 ml,,450,450,,BABY CARE,8.91E+12,Ancient Living,https://mbtegbgsvxbefyzyxlyr.supabase.co/storage/v1/object/public/user-data/40091501_2-ancient-living-baby-massage-oil-almond.jpg
Baby Dove Rich Moisture Baby Shampoo 400 ml,-,400 ml,,350,350,,BABY CARE,8.91E+11,Baby Dove,https://mbtegbgsvxbefyzyxlyr.supabase.co/storage/v1/object/public/user-data/40158280_1-baby-dove-rich-moisture-baby-shampoo.jpg
Baby Dove Rich Moisture Baby Massage Oil 100 ml,-,100 ml,,109,109,,BABY CARE,8.90E+12,Baby Dove,https://mbtegbgsvxbefyzyxlyr.supabase.co/storage/v1/object/public/user-data/40125175_3-baby-dove-rich-moisture-baby-massage-oil.jpg
Abbott Similac Advance Follow Up Formula 2 400g,-,Piece,,620,620,,BABY CARE,8.90E+12,Abbott,https://mbtegbgsvxbefyzyxlyr.supabase.co/storage/v1/object/public/user-data/groceries.png
Abbott Similac Advance Infant Formula 1 400g,-,Pc,,715,715,,BABY CARE,8.90E+12,Abbott ,https://mbtegbgsvxbefyzyxlyr.supabase.co/storage/v1/object/public/user-data/groceries.png
Baby Dove Rich Moisture Baby Wipes 50 Pulls,-,50 Pulls,,135,135,,BABY CARE,8.90E+12,Baby Dove,https://mbtegbgsvxbefyzyxlyr.supabase.co/storage/v1/object/public/user-data/40090040_7-baby-dove-rich-moisture-baby-wipes.jpg
Baby Dove Rich Moisture Baby Massage Oil 200 ml,-,200 ml,,199,199,,BABY CARE,8.90E+12,Baby Dove,https://mbtegbgsvxbefyzyxlyr.supabase.co/storage/v1/object/public/user-data/40125176_4-baby-dove-rich-moisture-baby-massage-oil.jpg
Baby Dove Rich Moisture Bar 75 g,-,75 g,,52,52,,BABY CARE,8.90E+12,Baby Dove,https://mbtegbgsvxbefyzyxlyr.supabase.co/storage/v1/object/public/user-data/40090037_12-baby-dove-rich-moisture-bar.jpg
Baby Dove Rich Moisture Nourishing Baby Lotion 400 ml,-,400 ml,,350,350,,BABY CARE,8.90E+11,Baby Dove,https://mbtegbgsvxbefyzyxlyr.supabase.co/storage/v1/object/public/user-data/40158281_1-baby-dove-rich-moisture-nourishing-baby-lotion.jpg
Baby Dove Rich Moisture Bar 50 g,-,50 g,,32,32,,BABY CARE,8.90E+12,Baby Dove,https://mbtegbgsvxbefyzyxlyr.supabase.co/storage/v1/object/public/user-data/40090036_2-baby-dove-rich-moisture-bar.jpg
Chicco Baby Feeding Bottle Fast,Blue 4m+ 330 ml,330 ml,,349,349,,BABY CARE,8.06E+12,Chicco,https://mbtegbgsvxbefyzyxlyr.supabase.co/storage/v1/object/public/user-data/40142654_1-chicco-baby-feeding-bottle-fast-blue-4m.jpg
Baby Dove Sensitive Care Baby Shampoo Rich Moisture 200ml,-,Pc,,220,220,,BABY CARE,8.90E+12,-,https://mbtegbgsvxbefyzyxlyr.supabase.co/storage/v1/object/public/user-data/Baby_Dove_Sensitive_Care_Baby_Shampoo_Rich_Moisture_200ml_1674979931159.png
BIOTIQUE Disney Princess,Bio Honey Sunshine Nourishing Lotion 200 ml,200 ml,,280,280,,BABY CARE,40099595,BIOTIQUE,https://mbtegbgsvxbefyzyxlyr.supabase.co/storage/v1/object/public/user-data/40099595_3-biotique-disney-princess-bio-honey-sunshine-nourishing-lotion.jpg
Chicco Baby Bottle Teat Medium Flow,2m+ 1 pc,1 pc,,299,299,,BABY CARE,-,Chicco,https://mbtegbgsvxbefyzyxlyr.supabase.co/storage/v1/object/public/user-data/40142665_1-chicco-baby-bottle-teat-medium-flow-2m.jpg
Chicco Baby Feeding Bottle,Blue 2m+ 250 ml,250 ml,,549,549,,BABY CARE,40142622,Chicco,https://mbtegbgsvxbefyzyxlyr.supabase.co/storage/v1/object/public/user-data/40142622_1-chicco-baby-feeding-bottle-blue-2m.jpg
Cerelac Wheat Apple Cherry Stage 2,300 Gm,300gm,,240,240,,BABY CARE,"8,90,10,58,10,78,90,89,00,00,00,00,00,00,00,00,00,00,00,00,00,00,00,00,00,00,00,00,00,00,00,00,00,00,00,00,00,00,00,00,00,00,00,00,00,00,00,00,00,00,00,000",nestle,https://mbtegbgsvxbefyzyxlyr.supabase.co/storage/v1/object/public/user-data/SQ100319.jpg
BIOTIQUE Bio Berry Sensitive Mommy & Baby Bubble Bath 120 ml,-,120 ml,,99,99,,BABY CARE,40099585,BIOTIQUE,https://mbtegbgsvxbefyzyxlyr.supabase.co/storage/v1/object/public/user-data/40099585_4-biotique-bio-berry-sensitive-mommy-baby-bubble-bath.jpg
Bella Baby Happy Small,44 Diapers 44 pcs,44 pcs,,529,529,,BABY CARE,5.90E+12,Bella,https://mbtegbgsvxbefyzyxlyr.supabase.co/storage/v1/object/public/user-data/40103265_4-bella-baby-happy-small-44-diapers.jpg
BIOTIQUE Bio Almond,Massage Oil Baby Princess 200 ml,200 ml,,150,150,,BABY CARE,7.76E+12,BIOTIQUE,https://mbtegbgsvxbefyzyxlyr.supabase.co/storage/v1/object/public/user-data/40099587_2-biotique-bio-almond-massage-oil-baby-princess.jpg
Chicco 2-in-1 Baby 6 Bottles Sterliser With Adjustable Size 1 pc,-,1 pc,,2999,2999,,BABY CARE,40142580,Chicco,https://mbtegbgsvxbefyzyxlyr.supabase.co/storage/v1/object/public/user-data/40142580_1-chicco-2-in-1-baby-6-bottles-sterliser-with-adjustable-size.jpg
Baby Dove Rich Moisture Hair to Toe Baby Wash 200 ml,-,200 ml,,199,199,,BABY CARE,8.90E+12,Baby Dove,https://mbtegbgsvxbefyzyxlyr.supabase.co/storage/v1/object/public/user-data/40120485_3-baby-dove-rich-moisture-hair-to-toe-baby-wash.jpg
Bella Baby Happy Wet Wipes,Silk & Cotton 64 pcs,64 pcs,,189,189,,BABY CARE,5.90E+12,Bella,https://mbtegbgsvxbefyzyxlyr.supabase.co/storage/v1/object/public/user-data/248211_5-bella-baby-happy-wet-wipes-silk-cotton.jpg
Chicco Baby Feeding Bottle Teat Fast Flow,4m+ 2 pcs,2 pcs,,279,279,,BABY CARE,40142788,Chicco,https://mbtegbgsvxbefyzyxlyr.supabase.co/storage/v1/object/public/user-data/40142788_1-chicco-baby-feeding-bottle-teat-fast-flow-4m.jpg
Babyhug Super dry diaper pants M1,-,Pc,,12,12,,BABY CARE,8.91E+12,-,https://mbtegbgsvxbefyzyxlyr.supabase.co/storage/v1/object/public/user-data/groceries.png
Bella Baby Happy Wet Wipes,Sensitive 56 pcs,56 pcs,,189,189,,BABY CARE,248212,Bella,https://mbtegbgsvxbefyzyxlyr.supabase.co/storage/v1/object/public/user-data/248212_5-bella-baby-happy-wet-wipes-sensitive.jpg
Chicco Baby Feeding Bottle With Twin Anti Colic System,Pink 6m+ 330 ml,330 ml,,579,579,,BABY CARE,8.06E+12,Chicco,https://mbtegbgsvxbefyzyxlyr.supabase.co/storage/v1/object/public/user-data/40142596_1-chicco-baby-feeding-bottle-with-twin-anti-colic-system-pink-6m.jpg
Cadbury bourn Vita Lil champs 200g,-,Pc,,150,150,,BABY CARE,7.62E+12,-,https://mbtegbgsvxbefyzyxlyr.supabase.co/storage/v1/object/public/user-data/Cadbury_bourn_Vita_Lil_champs_200g_1675421246481.png
Chicco Baby Moments Soap 125 g,-,125 g,,79,79,,BABY CARE,"2,05,00,06,74,57,24,80,00,00,00,00,000",Chicco,https://mbtegbgsvxbefyzyxlyr.supabase.co/storage/v1/object/public/user-data/30012248_2-chicco-baby-moments-soap.jpg
BIOTIQUE Bio Green Apple,Tearproof Shampoo Baby Princess 190 ml,190 ml,,175,175,,BABY CARE,40099588,BIOTIQUE,https://mbtegbgsvxbefyzyxlyr.supabase.co/storage/v1/object/public/user-data/40099588_3-biotique-bio-green-apple-tearproof-shampoo-baby-princess.jpg
Babyhug Super dry diaper pants L1,-,Pc,,14,14,,BABY CARE,8.91E+12,-,https://mbtegbgsvxbefyzyxlyr.supabase.co/storage/v1/object/public/user-data/groceries.png
Chicco Baby Insulated Sipper Bottle,Pink 14m+ 266 ml,266 ml,,599,599,,BABY CARE,40142608,Chicco,https://mbtegbgsvxbefyzyxlyr.supabase.co/storage/v1/object/public/user-data/40142608_1-chicco-baby-insulated-sipper-bottle-pink-14m.jpg
Chicco Baby Feeding Bottle Teat,2m+ 2 pcs,2 pcs,,249,249,,BABY CARE,40142676,Chicco,https://mbtegbgsvxbefyzyxlyr.supabase.co/storage/v1/object/public/user-data/40142676_1-chicco-baby-feeding-bottle-teat-2m.jpg
Chicco Baby Scissors,Light Blue 1 pc,1 pc,,299,299,,BABY CARE,8.06E+12,Chicco,https://mbtegbgsvxbefyzyxlyr.supabase.co/storage/v1/object/public/user-data/30012489_1-chicco-baby-scissors-light-blue.jpg
Chicco Baby Moments,No-Tears Bath Foam 200 ml,200 ml,,229,229,,BABY CARE,8.06E+12,Chicco,https://mbtegbgsvxbefyzyxlyr.supabase.co/storage/v1/object/public/user-data/30012274_1-chicco-baby-moments-no-tears-bath-foam.jpg
Chicco Baby Bib,Boy 0m+ 2 pcs,2 pcs,,699,699,,BABY CARE,8.06E+12,Chicco,https://mbtegbgsvxbefyzyxlyr.supabase.co/storage/v1/object/public/user-data/40142786_1-chicco-baby-bib-boy-0m.jpg
Chicco 3-in-1 Baby 6 Bottles Sterliser With Adjustable Size 1 pc,-,1 pc,,3999,3999,,BABY CARE,40142579,Chicco,https://mbtegbgsvxbefyzyxlyr.supabase.co/storage/v1/object/public/user-data/40142579_1-chicco-3-in-1-baby-6-bottles-sterliser-with-adjustable-size.jpg
Chicco Baby Bottle Teat Food,6m+ 2 pcs,2 pcs,,449,449,,BABY CARE,40142641,Chicco,https://mbtegbgsvxbefyzyxlyr.supabase.co/storage/v1/object/public/user-data/40142641_1-chicco-baby-bottle-teat-food-6m.jpg
Bella Baby Happy Medium,38 Diapers 38 pcs,38 pcs,,629,629,,BABY CARE,5.90E+12,Bella,https://mbtegbgsvxbefyzyxlyr.supabase.co/storage/v1/object/public/user-data/40103266_3-bella-baby-happy-medium-38-diapers.jpg
Babyhug Super dry diaper pants S1,-,Pc,,10,10,,BABY CARE,-,-,https://mbtegbgsvxbefyzyxlyr.supabase.co/storage/v1/object/public/user-data/groceries.png
Chicco Baby Insulated Sipper Bottle,Blue 14m+ 266 ml,266 ml,,649,649,,BABY CARE,8.06E+12,Chicco,https://mbtegbgsvxbefyzyxlyr.supabase.co/storage/v1/object/public/user-data/40142607_1-chicco-baby-insulated-sipper-bottle-blue-14m.jpg
Baby Seba Med Powder For Delicate Skin With Olive Oil 200g,-,Pc,,666,666,,BABY CARE,4.10E+12,-,https://mbtegbgsvxbefyzyxlyr.supabase.co/storage/v1/object/public/user-data/Baby_Seba_Med_Powder_For_Delicate_Skin_With_Olive_Oil_200g_1674979712169.png
Chicco Acqua di Colonia 100 ml Carton,-,100 ml Carton,,499,499,,BABY CARE,8.06E+12,Chicco,https://mbtegbgsvxbefyzyxlyr.supabase.co/storage/v1/object/public/user-data/100382161_2-chicco-acqua-di-colonia.jpg
Chicco Baby Body Lotion 100 ml,-,100 ml,,129,129,,BABY CARE,30012494,Chicco,https://mbtegbgsvxbefyzyxlyr.supabase.co/storage/v1/object/public/user-data/30012494_1-chicco-baby-body-lotion.jpg
BIOTIQUE Bio Green Apple,Tearproof Baby Shampoo 190 ml,190 ml,,150,150,,BABY CARE,40099576,BIOTIQUE,https://mbtegbgsvxbefyzyxlyr.supabase.co/storage/v1/object/public/user-data/40099576_1-biotique-bio-green-apple-tearproof-baby-shampoo.jpg
Cadbury Bourn Vita Lil champs 500g,-,Pc,,305,305,,BABY CARE,7.62E+12,-,https://mbtegbgsvxbefyzyxlyr.supabase.co/storage/v1/object/public/user-data/Cadbury_Bourn_Vita_Lil_champs_500g_1675421200939.png
Baby Seba Med Cleansing Bar For Delicate Skin With Panthenol 150g,-,Pc,,410,410,,BABY CARE,4.10E+12,-,https://mbtegbgsvxbefyzyxlyr.supabase.co/storage/v1/object/public/user-data/Baby_Seba_Med_Cleansing_Bar_For_Delicate_Skin_With_Panthenol_150g_1674979583445.png
Chicco After Mosquito Bite Roll On,Instant Relief 0m+ 1 pc,1 pc,,329,329,,BABY CARE,40142669,Chicco,https://mbtegbgsvxbefyzyxlyr.supabase.co/storage/v1/object/public/user-data/40142669_1-chicco-after-mosquito-bite-roll-on-instant-relief-0m.jpg
Chicco Baby Bottle Teat Regular Flow,0m+ 1 pc,1 pc,,299,299,,BABY CARE,8.06E+12,Chicco,https://mbtegbgsvxbefyzyxlyr.supabase.co/storage/v1/object/public/user-data/40142666_1-chicco-baby-bottle-teat-regular-flow-0m.jpg
Cetaphil Baby Gentle Wash & Shampoo 230 ml,-,230 ml,,620,620,,BABY CARE,40142768,Cetaphil,https://mbtegbgsvxbefyzyxlyr.supabase.co/storage/v1/object/public/user-data/40142768_1-cetaphil-baby-gentle-wash-shampoo.jpg
Chicco 360 Degrees Spill Proof Glass,Boy 12m+ 200 ml,200 ml,,599,599,,BABY CARE,40142598,Chicco,https://mbtegbgsvxbefyzyxlyr.supabase.co/storage/v1/object/public/user-data/40142598_1-chicco-360-degrees-spill-proof-glass-boy-12m.jpg
BIOTIQUE Dinsey Baby,Bio Almond Baby Princess Nourishing Soap 75 g,75 g,,55,55,,BABY CARE,8.91E+12,BIOTIQUE,https://mbtegbgsvxbefyzyxlyr.supabase.co/storage/v1/object/public/user-data/40099589_6-biotique-dinsey-baby-bio-almond-baby-princess-nourishing-soap.jpg
Cerelac Wheat Apple Cherry Stage 2 (8 to 24 months) 300 Gm,-,300gm,,272,272,,BABY CARE,"8,90,10,58,10,78,90,89,00,00,00,00,00,00,00,00,00,00,00,00,00,00,00,00,00,00,00,00,00,00,00,00,00,00,00,00,00,00,00,00,00,00,00,00,00,00,00,00,00,00,00,000",nestle,https://mbtegbgsvxbefyzyxlyr.supabase.co/storage/v1/object/public/user-data/SQ100319.jpg
BIOTIQUE Bio Berry Sensitive Mommy & Baby Bubble Bath 200 ml,-,200 ml,,150,150,,BABY CARE,100013101,BIOTIQUE,https://mbtegbgsvxbefyzyxlyr.supabase.co/storage/v1/object/public/user-data/100013101_9-biotique-bio-berry-sensitive-mommy-baby-bubble-bath.jpg
Cetaphil Baby Shampoo 200 ml,-,200 ml,,585,585,,BABY CARE,40142769,Cetaphil,https://mbtegbgsvxbefyzyxlyr.supabase.co/storage/v1/object/public/user-data/40142769_1-cetaphil-baby-shampoo.jpg
Chicco Baby Moments Soap 75 g,-,75 g,,49,49,,BABY CARE,30012442,Chicco,https://mbtegbgsvxbefyzyxlyr.supabase.co/storage/v1/object/public/user-data/30012442_1-chicco-baby-moments-soap.jpg
Chicco Baby Feeding Bottle Med,Green 2m+ 250 ml, 250 ml,,299,299,,BABY CARE,"80,58,66,40,87,51,88,00,00,00,00,00,00,00,00,00,00,00,000",Chicco,https://mbtegbgsvxbefyzyxlyr.supabase.co/storage/v1/object/public/user-data/40142661_1-chicco-baby-feeding-bottle-med-green-2m.jpg
Chicco Baby Feeding Bottle Teat Food,6m+ 2 pcs,2 pcs,,279,279,,BABY CARE,8.06E+12,Chicco,https://mbtegbgsvxbefyzyxlyr.supabase.co/storage/v1/object/public/user-data/40142677_1-chicco-baby-feeding-bottle-teat-food-6m.jpg
Chicco Baby Silicone Teethers Star 2 pcs,-,2 pcs,,499,499,,BABY CARE,40142626,Chicco,https://mbtegbgsvxbefyzyxlyr.supabase.co/storage/v1/object/public/user-data/40142626_1-chicco-baby-silicone-teethers-star.jpg
Baby Seba Med Baby Body Milk For Delicate Skin 100ml,-,Pc,,519,519,,BABY CARE,4.10E+12,-,https://mbtegbgsvxbefyzyxlyr.supabase.co/storage/v1/object/public/user-data/Baby_Seba_Med_Baby_Body_Milk_For_Delicate_Skin_100ml_1674979661967.png
Cetaphil Baby Mild Bar Baby's Sensitive Skin 75g,-,Pc,,218,218,,BABY CARE,8.90E+12,-,https://mbtegbgsvxbefyzyxlyr.supabase.co/storage/v1/object/public/user-data/Cetaphil_Baby_Mild_Bar_Baby_s_Sensitive_Skin_75g_1674980212729.png
BIOTIQUE Disney Mickey,Bio Berry Baby Body Wash 190 ml,190 ml,,180,180,,BABY CARE,40099590,BIOTIQUE,https://mbtegbgsvxbefyzyxlyr.supabase.co/storage/v1/object/public/user-data/40099590_3-biotique-disney-mickey-bio-berry-baby-body-wash.jpg
Chicco Baby Feeding Bottle With Twin Anti Colic System,Blue 6m+ 330 ml,330 ml,,579,579,,BABY CARE,8.06E+12,Chicco,https://mbtegbgsvxbefyzyxlyr.supabase.co/storage/v1/object/public/user-data/40142595_1-chicco-baby-feeding-bottle-with-twin-anti-colic-system-blue-6m.jpg
BIOTIQUE Bio Milk Nurturing Baby Moisture Cream 50 g,-,50 g,,65,65,,BABY CARE,8.91E+12,BIOTIQUE,https://mbtegbgsvxbefyzyxlyr.supabase.co/storage/v1/object/public/user-data/40099577_2-biotique-bio-milk-nurturing-baby-moisture-cream.jpg
Chicco Baby Feeding Bottle Pp Fast Flow,Blue 4m+ 250 ml,250 ml,,299,299,,BABY CARE,8.06E+12,Chicco,https://mbtegbgsvxbefyzyxlyr.supabase.co/storage/v1/object/public/user-data/40142662_1-chicco-baby-feeding-bottle-pp-fast-flow-blue-4m.jpg
Cerelac Multi Grain Dal Veg Box,300 Gm,300gm,,279,279,,BABY CARE,"89,01,05,88,15,48,18,90,00,00,00,00,00,00,00,00,00,00,00,00,00,00,00,00,00,00,00,00,00,00,00,00,00,00,00,00,00,00,00,00,00,00,00,00,000",nestle,https://mbtegbgsvxbefyzyxlyr.supabase.co/storage/v1/object/public/user-data/SQ100321.jpg
Chicco Baby Bottle Silicone Teat Fast Flow,6m+ 2 pcs,2 pcs,,449,449,,BABY CARE,40142640,Chicco,https://mbtegbgsvxbefyzyxlyr.supabase.co/storage/v1/object/public/user-data/40142640_1-chicco-baby-bottle-silicone-teat-fast-flow-6m.jpg
Chicco Baby Protective Talcum Powder,150 Gm,150 Gm,,189,189,,BABY CARE,"80,03,67,08,21,52,68,00,00,00,00,00,00,00,00,00,00,00,000",Chicco,https://mbtegbgsvxbefyzyxlyr.supabase.co/storage/v1/object/public/user-data/SQ110464.jpg
Bella Baby Large (9-14 kg),36 Diapers 36 pcs,36 pcs,,518,518,,BABY CARE,227775,Bella,https://mbtegbgsvxbefyzyxlyr.supabase.co/storage/v1/object/public/user-data/227775_3-bella-baby-large-9-14-kg-36-diapers.jpg
Chicco Baby Moments,No-tears Bath Foam 500 ml,500 ml,,449,449,,BABY CARE,8.06E+12,Chicco,https://mbtegbgsvxbefyzyxlyr.supabase.co/storage/v1/object/public/user-data/30012418_1-chicco-baby-moments-no-tears-bath-foam.jpg
Chicco Baby Feeding Bottle Teat Fast Flow,4m+ 1 pc,1 pc,,129,129,,BABY CARE,40142790,Chicco,https://mbtegbgsvxbefyzyxlyr.supabase.co/storage/v1/object/public/user-data/40142790_1-chicco-baby-feeding-bottle-teat-fast-flow-4m.jpg
Chicco Baby Feeding Bottle Med,Blue 2m+ 250 ml,250 ml,,299,299,,BABY CARE,40142659,Chicco,https://mbtegbgsvxbefyzyxlyr.supabase.co/storage/v1/object/public/user-data/40142659_1-chicco-baby-feeding-bottle-med-blue-2m.jpg
Bella Baby Medium (6-11 kg),50 Diapers 50 pcs Pouch,50 pcs Pouch,,774,774,,BABY CARE,7.90E+12,Bella,https://mbtegbgsvxbefyzyxlyr.supabase.co/storage/v1/object/public/user-data/280190_1-bella-baby-medium-6-11-kg-50-diapers.jpg
Bonne Care Plastic Feeding Bottle,-,Pc,,50,50,,BABY CARE,1.68E+12,-,https://mbtegbgsvxbefyzyxlyr.supabase.co/storage/v1/object/public/user-data/groceries.png
Chicco Baby Bathing Gel,100Ml,100Ml,,79,79,,BABY CARE,"80,58,66,41,25,14,28,00,00,00,00,00,00,00,00,00,00,00,000",Chicco,https://mbtegbgsvxbefyzyxlyr.supabase.co/storage/v1/object/public/user-data/SQ153923.jpg
Baby Dove Rich Moisture Lotion 200 ml,-,200 ml,,180,180,,BABY CARE,8.90E+12,Baby Dove,https://mbtegbgsvxbefyzyxlyr.supabase.co/storage/v1/object/public/user-data/40090041_4-baby-dove-rich-moisture-lotion.jpg
Bella Baby Happy Large,48 Diapers 48 pcs,48 pcs,,739,739,,BABY CARE,40103267,Bella,https://mbtegbgsvxbefyzyxlyr.supabase.co/storage/v1/object/public/user-data/40103267_4-bella-baby-happy-large-48-diapers.jpg
Bella Baby Happy Xtra Large,46 Diapers 46 pcs,46 pcs,,859,859,,BABY CARE,40103268,Bella,https://mbtegbgsvxbefyzyxlyr.supabase.co/storage/v1/object/public/user-data/40103268_4-bella-baby-happy-xtra-large-46-diapers.jpg
BIOTIQUE Dinsey Baby,Bio Almond Mickey Nourishing Soap 75 g,75 g,,55,55,,BABY CARE,8.91E+12,BIOTIQUE,https://mbtegbgsvxbefyzyxlyr.supabase.co/storage/v1/object/public/user-data/40099591_5-biotique-dinsey-baby-bio-almond-mickey-nourishing-soap.jpg
Baby Dove Rich Moisture Hair to Toe Baby Wash 400 ml,-,400 ml,,315,315,,BABY CARE,8.90E+12,Baby Dove,https://mbtegbgsvxbefyzyxlyr.supabase.co/storage/v1/object/public/user-data/40120486_3-baby-dove-rich-moisture-hair-to-toe-baby-wash.jpg
Baby Dove Rich Moisture Shampoo 200 ml,-,200 ml,,215,215,,BABY CARE,8.90E+12,Baby Dove,https://mbtegbgsvxbefyzyxlyr.supabase.co/storage/v1/object/public/user-data/40120484_3-baby-dove-rich-moisture-shampoo.jpg
Chicco Baby Feeding Bottle Fast,Green 4m+ 330 ml,330 ml,,349,349,,BABY CARE,8.06E+12,Chicco,https://mbtegbgsvxbefyzyxlyr.supabase.co/storage/v1/object/public/user-data/40142656_1-chicco-baby-feeding-bottle-fast-green-4m.jpg
Chicco Baby Feeding Bottle Teat,0m+ 2 pcs,2 pcs,,279,279,,BABY CARE,8.06E+12,Chicco,https://mbtegbgsvxbefyzyxlyr.supabase.co/storage/v1/object/public/user-data/40142675_1-chicco-baby-feeding-bottle-teat-0m.jpg
BIOTIQUE Dinsey Baby,Bio Almond Oil Mickey Massage Oil 200 ml,200 ml,,150,150,,BABY CARE,40120540,BIOTIQUE,https://mbtegbgsvxbefyzyxlyr.supabase.co/storage/v1/object/public/user-data/40120540_7-biotique-dinsey-baby-bio-almond-oil-mickey-massage-oil.jpg
Chicco Baby Bottle Cleaning Brush Set 1 pc,-,1 pc,,599,599,,BABY CARE,8.06E+12,Chicco,https://mbtegbgsvxbefyzyxlyr.supabase.co/storage/v1/object/public/user-data/40142597_1-chicco-baby-bottle-cleaning-brush-set.jpg
Chicco Baby Feeding Bottle Med,Pink 2m+ 250 ml,250 ml,,299,299,,BABY CARE,"8,05,86,64,08,74,95,80,00,00,00,00,00,00,00,00,00,00,00,00,00,00,00,00,00,000",Chicco,https://mbtegbgsvxbefyzyxlyr.supabase.co/storage/v1/object/public/user-data/40142660_1-chicco-baby-feeding-bottle-med-pink-2m.jpg
Cetaphil Baby Daily Lotion 400 ml,-,400 ml,,740,740,,BABY CARE,9.32E+12,Cetaphil,https://mbtegbgsvxbefyzyxlyr.supabase.co/storage/v1/object/public/user-data/40142766_2-cetaphil-baby-daily-lotion.jpg
Chicco Baby Moments Body Lotion 500 ml,-,500 ml,,479,479,,BABY CARE,"20,50,00,67,45,76,28,00,00,00,00,00,00,00,00,00,00,00,000",Chicco,https://mbtegbgsvxbefyzyxlyr.supabase.co/storage/v1/object/public/user-data/30012328_2-chicco-baby-moments-body-lotion.jpg
Bella Baby Happy Wet Wipes,Milk & Honey 64 pcs,64 pcs,,189,189,,BABY CARE,5.90E+12,Bella,https://mbtegbgsvxbefyzyxlyr.supabase.co/storage/v1/object/public/user-data/248214_4-bella-baby-happy-wet-wipes-milk-honey.jpg
Chicco Baby Moments No,Tears Shampoo 500 ml,500 ml,,399,399,,BABY CARE,"8,00,36,70,81,52,97,80,00,00,00,00,000",Chicco,https://mbtegbgsvxbefyzyxlyr.supabase.co/storage/v1/object/public/user-data/30012400_2-chicco-baby-moments-no-tears-shampoo.jpg
BIOTIQUE Disney Pixar,Bio Apple Twist Cars Shampoo 200 ml,200 ml,,175,175,,BABY CARE,40099594,BIOTIQUE,https://mbtegbgsvxbefyzyxlyr.supabase.co/storage/v1/object/public/user-data/40099594_5-biotique-disney-pixar-bio-apple-twist-cars-shampoo.jpg
Chicco Baby Feeding Bottle,Pink 2m+ 00080711000580 250 ml,250 ml,,549,549,,BABY CARE,8.06E+12,Chicco,https://mbtegbgsvxbefyzyxlyr.supabase.co/storage/v1/object/public/user-data/40142867_1-chicco-baby-feeding-bottle-pink-2m-00080711000580.jpg
Chicco Baby Bathing Gel,500Ml,500Ml,,299,299,,BABY CARE,"80,58,66,41,20,37,68,00,00,00,00,00,00,00,00,00,00,00,000",Chicco,https://mbtegbgsvxbefyzyxlyr.supabase.co/storage/v1/object/public/user-data/SQ153924.jpg
Chicco Baby Feeding Bottle Fast,Pink 4m+ 330 ml,330 ml,,349,349,,BABY CARE,40142655,Chicco,https://mbtegbgsvxbefyzyxlyr.supabase.co/storage/v1/object/public/user-data/40142655_1-chicco-baby-feeding-bottle-fast-pink-4m.jpg
BIOTIQUE Bio Berry Bubble Bath 200ml+Bio Almond Massage Oil 200ml+Bio Green Shampoo 190ml Combo 3 Items,-,Combo 3 Items,,475,475,,BABY CARE,1205494,BIOTIQUE,https://mbtegbgsvxbefyzyxlyr.supabase.co/storage/v1/object/public/user-data/1205494_1-biotique-bio-berry-bubble-bath-200mlbio-almond-massage-oil-200mlbio-green-shampoo-190ml.jpg
Chicco Baby Feeding Bottle Pp Fast Flow,Pink 4m+ 250 ml,250 ml,,299,299,,BABY CARE,8.06E+12,Chicco,https://mbtegbgsvxbefyzyxlyr.supabase.co/storage/v1/object/public/user-data/40142663_1-chicco-baby-feeding-bottle-pp-fast-flow-pink-4m.jpg
BIOTIQUE Disney Pixar,Bio Honey Shake Cars Nourishing Lotion 200 ml,200 ml,,280,280,,BABY CARE,40099592,BIOTIQUE,https://mbtegbgsvxbefyzyxlyr.supabase.co/storage/v1/object/public/user-data/40099592_6-biotique-disney-pixar-bio-honey-shake-cars-nourishing-lotion.jpg
Cetaphil Baby Massage Oil 200 ml,-,200 ml,,535,535,,BABY CARE,9.32E+12,Cetaphil,https://mbtegbgsvxbefyzyxlyr.supabase.co/storage/v1/object/public/user-data/40142767_1-cetaphil-baby-massage-oil.jpg
Chicco Baby Feeding Bottle Teat Normal Flow,0m+ 1 pc,1 pc,,129,129,,BABY CARE,40142702,Chicco,https://mbtegbgsvxbefyzyxlyr.supabase.co/storage/v1/object/public/user-data/40142702_1-chicco-baby-feeding-bottle-teat-normal-flow-0m.jpg
Cerelac 5 Grains & Vegetables 300GM,-,  300gm,,288,288,,BABY CARE,8.90E+12,nestle,https://mbtegbgsvxbefyzyxlyr.supabase.co/storage/v1/object/public/user-data/image_picker_AF29016E-03EA-4E0B-BBA3-89B95CFC317F-1892-0000011D040F131F.jpg
Bella Baby Happy Xtra Small,24 Diapers 24 pcs,24 pcs,,319,319,,BABY CARE,5.90E+12,Bella,https://mbtegbgsvxbefyzyxlyr.supabase.co/storage/v1/object/public/user-data/40103264_3-bella-baby-happy-xtra-small-24-diapers.jpg
vim gell,-,Pc,,15,15,,Manual Product,1.69E+12,-,https://mbtegbgsvxbefyzyxlyr.supabase.co/storage/v1/object/public/user-data/groceries.png
Adya Fresh Paneer 500 g,-,500 g,,180,180,,BAKERY| CAKES & DAIRY,-,Adya,https://mbtegbgsvxbefyzyxlyr.supabase.co/storage/v1/object/public/user-data/40076777_1-adya-fresh-paneer.jpg
Amul Cream -Fresh 1 L Carton,-, 1 L Carton,,197,197,,BAKERY| CAKES & DAIRY,8.90E+12,Amul,https://mbtegbgsvxbefyzyxlyr.supabase.co/storage/v1/object/public/user-data/104726_1-amul-cream-fresh.jpg
Amul Mithai Mate 200 g,-,200 g,,59,59,,BAKERY| CAKES & DAIRY,8.90E+12,Amul,https://mbtegbgsvxbefyzyxlyr.supabase.co/storage/v1/object/public/user-data/image_picker_E841C7DD-2FAB-4628-BF03-8CE570EEB797-2042-000001F20262C9F6.jpg
Amul Cheese,Slices 750 g Pouch,750 g Pouch,,360,360,,BAKERY| CAKES & DAIRY,8.90E+12,Amul,https://mbtegbgsvxbefyzyxlyr.supabase.co/storage/v1/object/public/user-data/229136_2-amul-cheese-slices.jpg
Amul Lactose Free Milk 250 ml,-,250 ml,,25,25,,BAKERY| CAKES & DAIRY,8.90E+12,Amul,https://mbtegbgsvxbefyzyxlyr.supabase.co/storage/v1/object/public/user-data/40049915_5-amul-lactose-free-milk.jpg
Akshayakalpa Curd,Set Artisanal Organic 400 g,400 g,,80,80,,BAKERY| CAKES & DAIRY,40135118,Akshayakalpa,https://mbtegbgsvxbefyzyxlyr.supabase.co/storage/v1/object/public/user-data/40135118_1-akshayakalpa-curd-set-artisanal-organic.jpg
Adya Dahi,Plain 85 g,85 g,,10,10,,BAKERY| CAKES & DAIRY,8.91E+12,Adya,https://mbtegbgsvxbefyzyxlyr.supabase.co/storage/v1/object/public/user-data/40123779_1-adya-dahi-plain.jpg
Amul Cheese Slices 100 g 5 Units Pouch,-,Piece,,85,85,,BAKERY| CAKES & DAIRY,8.90E+12,Amul,https://mbtegbgsvxbefyzyxlyr.supabase.co/storage/v1/object/public/user-data/groceries.png
Amul Cheese Spread,School Pack 100 g, 100 g,,57,57,,BAKERY| CAKES & DAIRY,8.90E+12,Amul,https://mbtegbgsvxbefyzyxlyr.supabase.co/storage/v1/object/public/user-data/40126251_1-amul-cheese-spread-school-pack.jpg
Amul Kool,Elaichi 200 ml Pet Bottle,200 ml Pet Bottle,,22,22,,BAKERY| CAKES & DAIRY,"89,01,26,21,51,57,38,90,00,00,00,00,00,00,00,00,00,00,00,00,00,00,00,00,00,00,00,00,00,00,00,00,00,00,00,00,00,00,00,00,00,00,00,00,000",Amul,https://mbtegbgsvxbefyzyxlyr.supabase.co/storage/v1/object/public/user-data/40005027_2-amul-kool-elaichi.jpg
Akshayakalpa Curd,Set Artisanal Organic 200 g,200 g,,40,40,,BAKERY| CAKES & DAIRY,40135117,Akshayakalpa,https://mbtegbgsvxbefyzyxlyr.supabase.co/storage/v1/object/public/user-data/40135117_3-akshayakalpa-curd-set-artisanal-organic.jpg
Amul Cheese Spread,Punchy Pepper 200 g Box,200 g Box,,90,90,,BAKERY| CAKES & DAIRY,"2,05,00,01,18,99,36,89,00,00,00,00,000",Amul,https://mbtegbgsvxbefyzyxlyr.supabase.co/storage/v1/object/public/user-data/104821_4-amul-cheese-spread-punchy-pepper.jpg
Amul Lite Milk Fat Spread 500 g,-,500 g,,195,195,,BAKERY| CAKES & DAIRY,"2,05,00,04,23,43,36,89,00,00,00,00,000",Amul,https://mbtegbgsvxbefyzyxlyr.supabase.co/storage/v1/object/public/user-data/257195_3-amul-lite-milk-fat-spread.jpg
Akshayakalpa Cooking Butter,Unsalted Organic Tub 200 g,200 g,,230,230,,BAKERY| CAKES & DAIRY,40135124,Akshayakalpa,https://mbtegbgsvxbefyzyxlyr.supabase.co/storage/v1/object/public/user-data/40135124_3-akshayakalpa-cooking-butter-unsalted-organic-tub.jpg
Amul Mango Shrikhand 500 g Cup,-,500 g Cup,,100,100,,BAKERY| CAKES & DAIRY,8.90E+12,Amul,https://mbtegbgsvxbefyzyxlyr.supabase.co/storage/v1/object/public/user-data/104840_4-amul-mango-shrikhand.jpg
Akshayakalpa Table Butter,Salted Organic Tub 200 g,200 g,,240,240,,BAKERY| CAKES & DAIRY,8.91E+12,Akshayakalpa,https://mbtegbgsvxbefyzyxlyr.supabase.co/storage/v1/object/public/user-data/40135123_3-akshayakalpa-table-butter-salted-organic-tub.jpg
Amul Masti Dahi 85 g Cup,-,85 g Cup,,10,10,,BAKERY| CAKES & DAIRY,8.90E+12,Amul,https://mbtegbgsvxbefyzyxlyr.supabase.co/storage/v1/object/public/user-data/40087509_5-amul-masti-dahi.jpg
Alcohol Free Kiwi Fresh Naturally refreshing Facial Wipe 20 wipe ,-,Pc,,85,85,,BAKERY| CAKES & DAIRY,8.90E+12,Alcohol free ,https://mbtegbgsvxbefyzyxlyr.supabase.co/storage/v1/object/public/user-data/Alcohol_Free_Kiwi_Fresh_Naturally_refreshing_Facial_Wipe_20_wipe_1652610640915.png
Amul Kool Cafe,Milk & Coffee 200 ml Carton,200 ml Carton,,30,30,,BAKERY| CAKES & DAIRY,"8,90,12,62,15,13,06,89,00,00,00,00,000",Amul,https://mbtegbgsvxbefyzyxlyr.supabase.co/storage/v1/object/public/user-data/20005992_2-amul-kool-cafe-milk-coffee.jpg
Amul Butter,Pasteurised 500 g Carton, 500 g Carton,,235,235,,BAKERY| CAKES & DAIRY,8.90E+12,Amul,https://mbtegbgsvxbefyzyxlyr.supabase.co/storage/v1/object/public/user-data/104864_6-amul-butter-pasteurised.jpg
Amul Cheese,Mozzarella Diced 1 kg,1 kg,,450,450,,BAKERY| CAKES & DAIRY,8.90E+12,Amul,https://mbtegbgsvxbefyzyxlyr.supabase.co/storage/v1/object/public/user-data/40126254_3-amul-cheese-mozzarella-diced.jpg
Amul Cooking Butter,Unsalted 500 g,500 g,,235,235,,BAKERY| CAKES & DAIRY,"8,90,12,62,01,00,92,89,00,00,00,00,000",Amul,https://mbtegbgsvxbefyzyxlyr.supabase.co/storage/v1/object/public/user-data/40006899_7-amul-cooking-butter-unsalted.jpg
Amul Cheese Spread 200g,-,Pc,,90,90,,BAKERY| CAKES & DAIRY,8.90E+12,Amul ,https://mbtegbgsvxbefyzyxlyr.supabase.co/storage/v1/object/public/user-data/Amul_Cheese_Spread_200g_1652781999673.png
Amul Cheese Spread,Spicy Garlic 200 g Box,200 g Box,,85,85,,BAKERY| CAKES & DAIRY,"8,90,12,62,06,00,28,20,00,00,00,00,000",Amul,https://mbtegbgsvxbefyzyxlyr.supabase.co/storage/v1/object/public/user-data/104822_3-amul-cheese-spread-spicy-garlic.jpg
Amul Gold Homogenized Milk 500 ml,-,500 ml,,28,28,,BAKERY| CAKES & DAIRY,8.90E+12,Amul Gold,https://mbtegbgsvxbefyzyxlyr.supabase.co/storage/v1/object/public/user-data/SQ103353.jpg
Amul Buttery Spread,Garlic & Herbs 100 g Carton,100 g Carton,,49,49,,BAKERY| CAKES & DAIRY,8.90E+11,Amul,https://mbtegbgsvxbefyzyxlyr.supabase.co/storage/v1/object/public/user-data/40018687_2-amul-buttery-spread-garlic-herbs.jpg
Ajanta Baking Powder Double Action 100 g,-,100 g,,21,21,,BAKERY| CAKES & DAIRY,8.91E+12,Ajanta,https://mbtegbgsvxbefyzyxlyr.supabase.co/storage/v1/object/public/user-data/image_picker_0C8D6F6B-0B30-4530-83D4-E5DD558C3AE0-898-000000924EE44DF3.jpg
Amul Masti Dahi 400 g Cup,-,400 g Cup,,40,40,,BAKERY| CAKES & DAIRY,"2,05,00,01,93,70,25,89,00,00,00,00,000",Amul,https://mbtegbgsvxbefyzyxlyr.supabase.co/storage/v1/object/public/user-data/104851_2-amul-masti-dahi.jpg
Amul Cheese Cube,Processed 500 g, 500 g,,242,242,,BAKERY| CAKES & DAIRY,8.90E+12,Amul,https://mbtegbgsvxbefyzyxlyr.supabase.co/storage/v1/object/public/user-data/30007086_2-amul-cheese-cube-processed.jpg
Amul Kool,Rose Flavor 200 ml Glass Bottle, 200 ml Glass Bottle,,20,20,,BAKERY| CAKES & DAIRY,"89,01,26,21,50,51,48,90,00,00,00,00,00,00,00,00,00,00,000",Amul,https://mbtegbgsvxbefyzyxlyr.supabase.co/storage/v1/object/public/user-data/129236_2-amul-kool-rose-flavor.jpg
Amul Haldi Doodh 125 ml Can,-, 125 ml Can,,25,25,,BAKERY| CAKES & DAIRY,8.90E+12,Amul,https://mbtegbgsvxbefyzyxlyr.supabase.co/storage/v1/object/public/user-data/image_picker_F370FCEC-BCAB-49EF-80C7-4EA61F3F3280-688-0000002B7950E894.jpg
Amul Gold Homogenized Milk 1L,-,1 L Pouch,,55,55,,BAKERY| CAKES & DAIRY,8.90E+12,Amul Gold,https://mbtegbgsvxbefyzyxlyr.supabase.co/storage/v1/object/public/user-data/SQ103352.jpg
Amul Butter School Pack 10 pack of 10g,-,100 g,,57,57,,BAKERY| CAKES & DAIRY,8.90E+12,Amul,https://mbtegbgsvxbefyzyxlyr.supabase.co/storage/v1/object/public/user-data/image_picker_C8C1B2E2-4EAC-48B1-A428-92A3D3263493-688-00000025D273EADC.jpg
Adya Dahi 200 g,-,200 g,,15,15,,BAKERY| CAKES & DAIRY,-,Adya,https://mbtegbgsvxbefyzyxlyr.supabase.co/storage/v1/object/public/user-data/40076773_2-adya-dahi.jpg
Akshayakalpa Cooking Butter,Unsalted Organic 200 g,200 g,,215,215,,BAKERY| CAKES & DAIRY,40135121,Akshayakalpa,https://mbtegbgsvxbefyzyxlyr.supabase.co/storage/v1/object/public/user-data/40135121_1-akshayakalpa-cooking-butter-unsalted-organic.jpg
"Amul Cookies N Cream Gold Ice Cream, 1 L Tub",-,Pc,,235,235,,BAKERY| CAKES & DAIRY,8.90E+12,Amul,https://mbtegbgsvxbefyzyxlyr.supabase.co/storage/v1/object/public/user-data/scaled_image_picker5047897026386792430.jpg
Amul Honey Doodh 125 ml Can,-, 125 ml Can,,25,25,,BAKERY| CAKES & DAIRY,8.90E+12,Amul,https://mbtegbgsvxbefyzyxlyr.supabase.co/storage/v1/object/public/user-data/image_picker_BA22BBE3-F867-47E1-8EDC-DF84D49CB49C-688-0000002BF75E2FB5.jpg
Amul Elaichi Shrikhand 500 g Cup,-,500 g Cup,,100,100,,BAKERY| CAKES & DAIRY,"2,40,11,04,83,31,49,89,00,00,00,00,000",Amul,https://mbtegbgsvxbefyzyxlyr.supabase.co/storage/v1/object/public/user-data/104833_4-amul-elaichi-shrikhand.jpg
Akshayakalpa Cheese,Organic Cheddar Smoked 200 g,200 g,,280,280,,BAKERY| CAKES & DAIRY,8.91E+12,Akshayakalpa,https://mbtegbgsvxbefyzyxlyr.supabase.co/storage/v1/object/public/user-data/40131637_1-akshayakalpa-cheese-organic-cheddar-smoked.jpg
Adya Paneer 200 g,-,200 g,,75,75,,BAKERY| CAKES & DAIRY,-,Adya,https://mbtegbgsvxbefyzyxlyr.supabase.co/storage/v1/object/public/user-data/40076776_3-adya-paneer.jpg
Amul Kool,Kesar, 200 ml Pet Bottle,,20,20,,BAKERY| CAKES & DAIRY,"89,01,26,21,50,86,68,90,00,00,00,00,00,00,00,00,00,00,00,00,00,00,00,00,00,00,00,00,00,00,00,000",Amul,https://mbtegbgsvxbefyzyxlyr.supabase.co/storage/v1/object/public/user-data/40005022_4-amul-kool-kesar.jpg
Akshayakalpa Cheese,Organic Cheddar Mild/ Plain Young 200 g,200 g,,263,263,,BAKERY| CAKES & DAIRY,40131634,Akshayakalpa,https://mbtegbgsvxbefyzyxlyr.supabase.co/storage/v1/object/public/user-data/40131634_1-akshayakalpa-cheese-organic-cheddar-mild-plain-young.jpg
Amul Cheese Slices 100 g Pouch,-, 100 g Pouch,,71,71,,BAKERY| CAKES & DAIRY,8.90E+12,Amul,https://mbtegbgsvxbefyzyxlyr.supabase.co/storage/v1/object/public/user-data/104759_8-amul-cheese-slices.jpg
Akshayakalpa Table Butter,Salted Organic 200 g,200 g,,225,225,,BAKERY| CAKES & DAIRY,40135119,Akshayakalpa,https://mbtegbgsvxbefyzyxlyr.supabase.co/storage/v1/object/public/user-data/40135119_1-akshayakalpa-table-butter-salted-organic.jpg
Amul Gold Homogenised Standardised Milk 1 L Carton,-,1 L Carton,,68,68,,BAKERY| CAKES & DAIRY,"89,01,26,21,50,07,12,00,00,00,00,00,00,00,00,00,00,00,000",Amul Gold,https://mbtegbgsvxbefyzyxlyr.supabase.co/storage/v1/object/public/user-data/104707_8-amul-gold-homogenised-standardised-milk.jpg
Amul Lassi,Rose Flavor 200 ml Carton, 200 ml Carton,,15,15,,BAKERY| CAKES & DAIRY,"8,90,12,62,20,01,89,89,00,00,00,00,000",Amul,https://mbtegbgsvxbefyzyxlyr.supabase.co/storage/v1/object/public/user-data/40013013_2-amul-lassi-rose-flavor.jpg
Amul Buttermilk 450 ml Pouch,-, 200 ml Carton,,12,12,,BAKERY| CAKES & DAIRY,8.90E+12,Amul,https://mbtegbgsvxbefyzyxlyr.supabase.co/storage/v1/object/public/user-data/161899_8-amul-masti-buttermilk-spice.jpg
Akshayakalpa Cheese,Organic Cheddar Chilli 200 g,200 g,,275,275,,BAKERY| CAKES & DAIRY,40131635,Akshayakalpa,https://mbtegbgsvxbefyzyxlyr.supabase.co/storage/v1/object/public/user-data/40131635_1-akshayakalpa-cheese-organic-cheddar-chilli.jpg
Amul 750g,-,Pc,,2803,2803,,BAKERY| CAKES & DAIRY,8.90E+12,Amul ,https://mbtegbgsvxbefyzyxlyr.supabase.co/storage/v1/object/public/user-data/Amul_750g_1652783184232.png
Amul Malai Paneer 200 g Pouch,-,200 g Pouch,,75,75,,BAKERY| CAKES & DAIRY,"8,90,12,62,18,00,61,89,00,00,00,00,000",Amul,https://mbtegbgsvxbefyzyxlyr.supabase.co/storage/v1/object/public/user-data/279588_6-amul-malai-paneer.jpg
Akshayakalpa Cheese,Organic Cheddar Pepper 200 g,200 g,,282,282,,BAKERY| CAKES & DAIRY,40131636,Akshayakalpa,https://mbtegbgsvxbefyzyxlyr.supabase.co/storage/v1/object/public/user-data/40131636_1-akshayakalpa-cheese-organic-cheddar-pepper.jpg
Amul Buttermilk 500Ml,-, 200 ml Carton,,12,12,,BAKERY| CAKES & DAIRY,8.90E+12,Amul,https://mbtegbgsvxbefyzyxlyr.supabase.co/storage/v1/object/public/user-data/Amul_Buttermilk_500Ml_1652781330909.png
Amul Lite Milk Fat Spread 100 g,-,100 g,,40,40,,BAKERY| CAKES & DAIRY,"8,90,12,62,14,00,41,89,00,00,00,00,000",Amul,https://mbtegbgsvxbefyzyxlyr.supabase.co/storage/v1/object/public/user-data/229134_3-amul-lite-milk-fat-spread.jpg
Amul Fresh Paneer 200 g,-,200 g,,80,80,,BAKERY| CAKES & DAIRY,"8,90,12,62,18,01,15,89,00,00,00,00,000",Amul,https://mbtegbgsvxbefyzyxlyr.supabase.co/storage/v1/object/public/user-data/40096747_5-amul-fresh-paneer.jpg
Amul Cheese Chiplets (Cubes) 1 kg Pack of 40 each 25 gm,-, each 25 gm,,505,505,,BAKERY| CAKES & DAIRY,8.90E+12,Amul,https://mbtegbgsvxbefyzyxlyr.supabase.co/storage/v1/object/public/user-data/40109320_4-amul-cheese-chiplets-cubes.jpg
Amul Masti Buttermilk,Spice 1 L,1 L,,50,50,,BAKERY| CAKES & DAIRY,8.90E+12,Amul,https://mbtegbgsvxbefyzyxlyr.supabase.co/storage/v1/object/public/user-data/180584_8-amul-masti-buttermilk-spice.jpg
AMUL GREEN PISTA FAMILY PACK 750 ML,-,Pc,,220,220,,BAKERY| CAKES & DAIRY,8.90E+12,Amul,https://mbtegbgsvxbefyzyxlyr.supabase.co/storage/v1/object/public/user-data/scaled_image_picker122067176097049336.jpg
"Amul Butterscotch Gold Ice Cream, 1 L Tub",-,Pc,,255,255,,BAKERY| CAKES & DAIRY,8.90E+12,Amul,https://mbtegbgsvxbefyzyxlyr.supabase.co/storage/v1/object/public/user-data/scaled_image_picker6214331677209751074.jpg
Amul Alphonso Mango Bye 1 Get 1 Free 750ml,-,Pc,,230,230,,BAKERY| CAKES & DAIRY,8.90E+12,Amul,https://mbtegbgsvxbefyzyxlyr.supabase.co/storage/v1/object/public/user-data/Amul_Alphonso_Mango_Bye_1_Get_1_Free_750ml_1646560443048.png
Amul Cheese Blend Diced 200g,-,  200 g,,105,105,,BAKERY| CAKES & DAIRY,8.90E+12,Amul,https://mbtegbgsvxbefyzyxlyr.supabase.co/storage/v1/object/public/user-data/40126254_3-amul-cheese-mozzarella-diced.jpg
Amul Kool,Koko 200 ml Can,200 ml Can,,30,30,,BAKERY| CAKES & DAIRY,"8,90,12,62,15,07,12,89,00,00,00,00,000",Amul,https://mbtegbgsvxbefyzyxlyr.supabase.co/storage/v1/object/public/user-data/277501_4-amul-kool-koko.jpg
Amul Milkshake,Vanilla 200 ml,200 ml,,25,25,,BAKERY| CAKES & DAIRY,8.90E+12,Amul,https://mbtegbgsvxbefyzyxlyr.supabase.co/storage/v1/object/public/user-data/40129672_2-amul-milkshake-vanilla.jpg
Amul Basundi 1 L,-,1 L,,190,190,,BAKERY| CAKES & DAIRY,8.90E+12,Amul,https://mbtegbgsvxbefyzyxlyr.supabase.co/storage/v1/object/public/user-data/40005029_2-amul-basundi.jpg
Adya Mishti Doi 85 g,-,85 g,,15,15,,BAKERY| CAKES & DAIRY,8.91E+12,Adya,https://mbtegbgsvxbefyzyxlyr.supabase.co/storage/v1/object/public/user-data/40123780_5-adya-mishti-doi.jpg
Amul Fresh Cream,25% Milk Fat Low Fat 250 ml,   250 ml,,67,67,,BAKERY| CAKES & DAIRY,"8,90,12,62,15,01,01,89,00,00,00,00,000",Amul,https://mbtegbgsvxbefyzyxlyr.supabase.co/storage/v1/object/public/user-data/40102603_3-amul-fresh-cream-25-milk-fat-low-fat.jpg
Park Avenue Premium Men's Soap,Good Morning 75 g,Pc,,25,25,,Manual Product,8.90E+12,Park Avenue ,https://mbtegbgsvxbefyzyxlyr.supabase.co/storage/v1/object/public/user-data/Park_Avenue_Premium_Men_s_Soap_-_Good_Morning_75_g_1648551987125.png
Park Avenue Good Morning Soap 4N 125g,-,Pc,,210,210,,Manual Product,8.90E+12,-,https://mbtegbgsvxbefyzyxlyr.supabase.co/storage/v1/object/public/user-data/Park_Avenue_Good_Morning_Soap_4N_125g_1684056887958.png
Park Avenue Essential Grooming Kit 7N,-,Pc,,420,420,,Manual Product,8.90E+12,Park Avenue,https://mbtegbgsvxbefyzyxlyr.supabase.co/storage/v1/object/public/user-data/scaled_image_picker7759265091634196394.png
Park Avenue Euphoria De Perfume 100ml,-,Pc,,699,699,,Manual Product,8.90E+12,Park Avenue,https://mbtegbgsvxbefyzyxlyr.supabase.co/storage/v1/object/public/user-data/scaled_image_picker5365190227016026473.jpg
Park avenue orignal collection body spray 150 ml BUY 2 DEOS & GET 1 DEO,-,Pc,,450,450,,Manual Product,8.90E+12,-,https://mbtegbgsvxbefyzyxlyr.supabase.co/storage/v1/object/public/user-data/groceries.png
 Neutrogena Deep Clean Blackheads Eliminating Daily Scrub 40g,-,40G,,160,160,,BEAUTY & HYGIENE,8.85E+12,Neutrogena,https://mbtegbgsvxbefyzyxlyr.supabase.co/storage/v1/object/public/user-data/Neutrogena_Deep_Clean_Blackheads_Eliminating_Daily_Scrub_40g_1652171957409.png
...,-,Pc,,195,195,,BEAUTY & HYGIENE,6.52E+12,-,https://mbtegbgsvxbefyzyxlyr.supabase.co/storage/v1/object/public/user-data/groceries.png
3M Anti Smog Anti Pollution Anti Dust Disposable Respirator,Yellow Mask 59 g,59 g,,199,199,,BEAUTY & HYGIENE,-,3M,https://mbtegbgsvxbefyzyxlyr.supabase.co/storage/v1/object/public/user-data/40094441_2-3m-anti-smog-anti-pollution-anti-dust-disposable-respirator-yellow-mask.jpg
A Well Kitchen Towel Tissue 1 Rolls,-,Pc,,90,90,,BEAUTY & HYGIENE,8.91E+12,-,https://mbtegbgsvxbefyzyxlyr.supabase.co/storage/v1/object/public/user-data/A_Well_Kitchen_Towel_Tissue_1_Rolls_1674803700359.png
3M Anti Smog Anti Pollution Anti Dust Disposable Respirator,Grey Mask 59 g,59 g,,199,199,,BEAUTY & HYGIENE,40094440,3M,https://mbtegbgsvxbefyzyxlyr.supabase.co/storage/v1/object/public/user-data/40094440_2-3m-anti-smog-anti-pollution-anti-dust-disposable-respirator-grey-mask.jpg
3M Premier Filtering Mask,White N95 8210 1 pc,1 pc,,249,249,,BEAUTY & HYGIENE,-,3M,https://mbtegbgsvxbefyzyxlyr.supabase.co/storage/v1/object/public/user-data/40119462_1-3m-premier-filtering-mask-white-n95-8210.jpg
 Jergens Lotion Original Cherry Almond 200 ml,-,Pc,,329,329,,BEAUTY & HYGIENE,19100153868,Jergens ,https://mbtegbgsvxbefyzyxlyr.supabase.co/storage/v1/object/public/user-data/Jergens_Lotion_Original_Cherry_Almond_200_ml_1653459585252.png
AARYANVEDA   WINE KIT 250,-,Piece,,250,250,,BEAUTY & HYGIENE,8.91E+12,AARYANUEDA,https://mbtegbgsvxbefyzyxlyr.supabase.co/storage/v1/object/public/user-data/groceries.png
4 step pedicure paddle ,-,Pc,,60,60,,BEAUTY & HYGIENE,9.12E+12,-,https://mbtegbgsvxbefyzyxlyr.supabase.co/storage/v1/object/public/user-data/4_step_pedicure_paddle_1673594267892.png
AARYANVEDA  GOLD F/W 110 ML 120,-,Piece,,120,120,,BEAUTY & HYGIENE,8.91E+12,AARYANUEDA,https://mbtegbgsvxbefyzyxlyr.supabase.co/storage/v1/object/public/user-data/groceries.png
A-Well Premium Facial Tissu 200 SEEDS 100 Pulls,-,Pc,,70,70,,BEAUTY & HYGIENE,8.91E+12,A-Well,https://mbtegbgsvxbefyzyxlyr.supabase.co/storage/v1/object/public/user-data/groceries.png
AARYANVEDA  FRUIT N NUT 200 ML,-,Piece,,130,130,,BEAUTY & HYGIENE,T09020,AARYANUEDA,https://mbtegbgsvxbefyzyxlyr.supabase.co/storage/v1/object/public/user-data/groceries.png
AARYANVEDA  WINE F/W 110 ML 120,-,Piece,,120,120,,BEAUTY & HYGIENE,8.91E+12,AARYANUEDA,https://mbtegbgsvxbefyzyxlyr.supabase.co/storage/v1/object/public/user-data/groceries.png
AAKASH LIPSTICK,-,Piece,,100,100,,BEAUTY & HYGIENE,AK50,MIX BRAND,https://mbtegbgsvxbefyzyxlyr.supabase.co/storage/v1/object/public/user-data/groceries.png
 Pro Comfort SilkTouch O.b 10N,-,Pc,,145,145,,BEAUTY & HYGIENE,8.00E+12,Pro Comfort,https://mbtegbgsvxbefyzyxlyr.supabase.co/storage/v1/object/public/user-data/Pro_Comfort_SilkTouch_O.b_10N_1652611040664.png
AARYANVEDA sunscreen 20spf 150,-,Piece,,150,150,,BEAUTY & HYGIENE,8.91E+12,AARYANUEDA,https://mbtegbgsvxbefyzyxlyr.supabase.co/storage/v1/object/public/user-data/groceries.png
AARYANVEDA FRUIT KIT,-,Piece,,225,225,,BEAUTY & HYGIENE,8.91E+12,AARYANUEDA,https://mbtegbgsvxbefyzyxlyr.supabase.co/storage/v1/object/public/user-data/groceries.png
ABS ARGAN OIL RADIANCE OIL IN GEL,-,Piece,,849,849,,BEAUTY & HYGIENE,8.90E+12,LAKME,https://mbtegbgsvxbefyzyxlyr.supabase.co/storage/v1/object/public/user-data/groceries.png
A1 Onion Oil 100ML,-,100ML,,200,200,,BEAUTY & HYGIENE,8.94E+12,A1,https://mbtegbgsvxbefyzyxlyr.supabase.co/storage/v1/object/public/user-data/scaled_image_picker2890913126926774752.jpg
ABS HIGHLIGHTER -MOON LIT,-,Piece,,750,750,,BEAUTY & HYGIENE,8.90E+12,LAKME,https://mbtegbgsvxbefyzyxlyr.supabase.co/storage/v1/object/public/user-data/groceries.png
ABS EYE ARTIST KAJAL-750 BLACK,-,Piece,,750,750,,BEAUTY & HYGIENE,8.90E+12,LAKME,https://mbtegbgsvxbefyzyxlyr.supabase.co/storage/v1/object/public/user-data/groceries.png
AATIFA DEO GOLD 399,-,Piece,,399,399,,BEAUTY & HYGIENE,6.29E+12,AJMAL,https://mbtegbgsvxbefyzyxlyr.supabase.co/storage/v1/object/public/user-data/groceries.png
ABS GLOSS ARTIST LINER-650,-,Piece,,700,700,,BEAUTY & HYGIENE,8.90E+12,LAKME,https://mbtegbgsvxbefyzyxlyr.supabase.co/storage/v1/object/public/user-data/groceries.png
ABS ILLUMATING FOUNDATION-02,-,Piece,,750,750,,BEAUTY & HYGIENE,8.90E+12,LAKME,https://mbtegbgsvxbefyzyxlyr.supabase.co/storage/v1/object/public/user-data/groceries.png
ABS FIREY PINK 233,-,Piece,,700,700,,BEAUTY & HYGIENE,8.90E+12,LAKME,https://mbtegbgsvxbefyzyxlyr.supabase.co/storage/v1/object/public/user-data/groceries.png
ABS BLUR PERFECT MAKE UP PRIMER-675,-,Piece,,750,750,,BEAUTY & HYGIENE,8.90E+12,LAKME,https://mbtegbgsvxbefyzyxlyr.supabase.co/storage/v1/object/public/user-data/groceries.png
AARYANVEDA PAPAYA KIT 650,-,Piece,,650,650,,BEAUTY & HYGIENE,8.91E+12,AARYANUEDA,https://mbtegbgsvxbefyzyxlyr.supabase.co/storage/v1/object/public/user-data/groceries.png
ABS COM-03 GOLDEN-MAR-9G,-,Piece,,875,875,,BEAUTY & HYGIENE,8.90E+12,LAKME,https://mbtegbgsvxbefyzyxlyr.supabase.co/storage/v1/object/public/user-data/groceries.png
ABS 104 NUDE FLAIR,-,Piece,,700,700,,BEAUTY & HYGIENE,8.90E+12,LAKME,https://mbtegbgsvxbefyzyxlyr.supabase.co/storage/v1/object/public/user-data/groceries.png
ABS ARGAN OIL FOUNDATION 750,-,Piece,,800,800,,BEAUTY & HYGIENE,8.90E+12,LAKME,https://mbtegbgsvxbefyzyxlyr.supabase.co/storage/v1/object/public/user-data/groceries.png
ABS ARGAN OIL RADIANCE NIGHT EYE CREAM-650,-,Piece,,699,699,,BEAUTY & HYGIENE,8.90E+12,LAKME,https://mbtegbgsvxbefyzyxlyr.supabase.co/storage/v1/object/public/user-data/groceries.png
ABS COM-02 ROSE FAIR-9G,-,Piece,,875,875,,BEAUTY & HYGIENE,8.90E+12,LAKME,https://mbtegbgsvxbefyzyxlyr.supabase.co/storage/v1/object/public/user-data/groceries.png
ABS BI MAKE UP REMOVER-60ML,-,Piece,,350,350,,BEAUTY & HYGIENE,8.90E+12,LAKME,https://mbtegbgsvxbefyzyxlyr.supabase.co/storage/v1/object/public/user-data/groceries.png
24 Mantra Juice,Apple Blast 250 ml Can,250 ml Can,,49,49,,BEVERAGES,30012141,24 Mantra,https://mbtegbgsvxbefyzyxlyr.supabase.co/storage/v1/object/public/user-data/30012141_2-24-mantra-juice-apple-blast.jpg
24 Mantra Assam Tea 100 g Carton,-,100 g Carton,,120,120,,BEVERAGES,8.90E+12,24 Mantra,https://mbtegbgsvxbefyzyxlyr.supabase.co/storage/v1/object/public/user-data/40012917_4-24-mantra-assam-tea.jpg
24 Mantra Juice,Guava 1 L Tetra Pak,1 L Tetra Pak,,120,120,,BEVERAGES,30012146,24 Mantra,https://mbtegbgsvxbefyzyxlyr.supabase.co/storage/v1/object/public/user-data/30012146_1-24-mantra-juice-guava.jpg
24 Mantra Juice Apple 200 ml Tetra Pak,-, 200 ml Tetra Pak,,35,35,,BEVERAGES,30012144,24 Mantra,https://mbtegbgsvxbefyzyxlyr.supabase.co/storage/v1/object/public/user-data/30012144_2-24-mantra-juice-apple.jpg
24 Mantra Juice,Apple 200 ml Tetra Pak,200 ml Tetra Pak,,35,35,,BEVERAGES,30012144,24 Mantra,https://mbtegbgsvxbefyzyxlyr.supabase.co/storage/v1/object/public/user-data/30012144_2-24-mantra-juice-apple.jpg
24 Mantra Organic Green Tea 100 g Carton,-,100 g Carton,,170,170,,BEVERAGES,8.90E+11,24 Mantra,https://mbtegbgsvxbefyzyxlyr.supabase.co/storage/v1/object/public/user-data/40012916_4-24-mantra-organic-green-tea.jpg
24 Mantra Organic Juice,Apple 1 L Carton,1 L Carton,,160,160,,BEVERAGES,20001251,24 Mantra,https://mbtegbgsvxbefyzyxlyr.supabase.co/storage/v1/object/public/user-data/20001251_4-24-mantra-organic-juice-apple.jpg
7 Up Soft Drink,Lemon 600 ml Bottle,600 ml Bottle,,35,35,,BEVERAGES,294248,7 Up,https://mbtegbgsvxbefyzyxlyr.supabase.co/storage/v1/object/public/user-data/294248_7-7-up-soft-drink-lemon.jpg
7 Up Soft Drink,Lemon 2 L Bottle,2 L Bottle,,90,90,,BEVERAGES,8.90E+12,7 Up,https://mbtegbgsvxbefyzyxlyr.supabase.co/storage/v1/object/public/user-data/251052_11-7-up-soft-drink-lemon.jpg
7 Up Soft Drink,Lemon 250 ml Can,250 ml Can,,25,25,,BEVERAGES,"8,90,20,80,30,50,25,89,00,00,00,00,000",7 Up,https://mbtegbgsvxbefyzyxlyr.supabase.co/storage/v1/object/public/user-data/292396_5-7-up-soft-drink-lemon.jpg
24 Mantra Organic Tulsi Bags 85 g (25 Bags x 3.4 g each),-,85 g (25 Bags x 3.4 g each),,170,170,,BEVERAGES,40119221,24 Mantra,https://mbtegbgsvxbefyzyxlyr.supabase.co/storage/v1/object/public/user-data/40119221_9-24-mantra-organic-tulsi-bags.jpg
7 Up Lemon Flavour Coldrink 1.25 L Bottle,-,1.25 L Bottle,,60,60,,BEVERAGES,-,7 Up,https://mbtegbgsvxbefyzyxlyr.supabase.co/storage/v1/object/public/user-data/34654_1-7-up-lemon-flavour-coldrink.jpg
24 Mantra Organic Tulsi Tea 50 g,-,50 g,,120,120,,BEVERAGES,40119218,24 Mantra,https://mbtegbgsvxbefyzyxlyr.supabase.co/storage/v1/object/public/user-data/40119218_4-24-mantra-organic-tulsi-tea.jpg
24 Mantra Tulsi Green Tea Bags 85 g (25 Bags x 3.4 g each),-,85 g (25 Bags x 3.4 g each),,170,170,,BEVERAGES,40119220,24 Mantra,https://mbtegbgsvxbefyzyxlyr.supabase.co/storage/v1/object/public/user-data/40119220_4-24-mantra-tulsi-green-tea-bags.jpg
7 Up Nimbooz Nimbooz Soft Drink,With Real Lemon Juice 350 ml Bottle,350 ml Bottle,,20,20,,BEVERAGES,"8,90,20,80,33,45,99,89,00,00,00,00,000",7 Up Nimbooz,https://mbtegbgsvxbefyzyxlyr.supabase.co/storage/v1/object/public/user-data/265893_7-7-up-nimbooz-nimbooz-soft-drink-with-real-lemon-juice.jpg
7 Up Soft Drink,Lemon 2.5 L Bottle,2.5 L Bottle,,90,90,,BEVERAGES,265101,7 Up,https://mbtegbgsvxbefyzyxlyr.supabase.co/storage/v1/object/public/user-data/265101_5-7-up-soft-drink-lemon.jpg
7 Up Soft Drink,Nimbooz Masala Soda 500 ml,500 ml,,34,34,,BEVERAGES,8.90E+12,7 Up,https://mbtegbgsvxbefyzyxlyr.supabase.co/storage/v1/object/public/user-data/70001567_5-7-up-soft-drink-nimbooz-masala-soda.jpg
7 Up Added Natural Lemon Flavour 250ml,-,Pc,,20,20,,BEVERAGES,8.90E+12,7 Up,https://mbtegbgsvxbefyzyxlyr.supabase.co/storage/v1/object/public/user-data/scaled_image_picker2221988112950205503.png
Abbott Ensure Balanced Nutrition For Adults,Chocolate Flavored 200 g,Pc,,320,320,,BEVERAGES,8.90E+12,Abbott,https://mbtegbgsvxbefyzyxlyr.supabase.co/storage/v1/object/public/user-data/scaled_image_picker268842120612788097.jpg
24 Mantra Organic Juice,Mixed Fruit 1 L Carton,1 L Carton,,149,149,,BEVERAGES,8.90E+12,24 Mantra,https://mbtegbgsvxbefyzyxlyr.supabase.co/storage/v1/object/public/user-data/20001250_3-24-mantra-organic-juice-mixed-fruit.jpg
24 Mantra Organic Juice,Mango 1 L Carton,1 L Carton,,120,120,,BEVERAGES,20001252,24 Mantra,https://mbtegbgsvxbefyzyxlyr.supabase.co/storage/v1/object/public/user-data/20001252_4-24-mantra-organic-juice-mango.jpg
24 Mantra Organic Tulsi Green Tea 50 g Carton,-,50 g Carton,,95,95,,BEVERAGES,8.90E+12,24 Mantra,https://mbtegbgsvxbefyzyxlyr.supabase.co/storage/v1/object/public/user-data/40012918_3-24-mantra-organic-tulsi-green-tea.jpg
24 Mantra Organic Tulsi Ginger Tea 50 g Carton,-,50 g Carton,,95,95,,BEVERAGES,8.90E+12,24 Mantra,https://mbtegbgsvxbefyzyxlyr.supabase.co/storage/v1/object/public/user-data/40012915_3-24-mantra-organic-tulsi-ginger-tea.jpg
Aio Frut Anaar Aloevera + Pomegranate Juice 250 ml  Bottle,-,Pc,,40,40,,BEVERAGES,8.91E+12,Aio Frut ,https://mbtegbgsvxbefyzyxlyr.supabase.co/storage/v1/object/public/user-data/scaled_image_picker6234329180972139076.jpg
Alive Coffee,Powder Premium Filter 500 g Pouch,500 g Pouch,,180,180,,BEVERAGES,40003934,Alive,https://mbtegbgsvxbefyzyxlyr.supabase.co/storage/v1/object/public/user-data/40003934_2-alive-coffee-powder-premium-filter.jpg
"Aio Frut Litchi Aloevera + Litchi Juice 1
60 ml Bottle",-,Pc,,20,20,,BEVERAGES,8.91E+12,Aio Frut,https://mbtegbgsvxbefyzyxlyr.supabase.co/storage/v1/object/public/user-data/scaled_image_picker3079590735992766508.jpg
3M Highland Self-Stick Removable Notes- 2 x 3 Inches 100 sheets,-,100 sheets,,45,45,,CLEANING & HOUSEHOLD,40126482,3M Highland,https://mbtegbgsvxbefyzyxlyr.supabase.co/storage/v1/object/public/user-data/40126482_3-3m-highland-self-stick-removable-notes-2-x-3-inches.jpg
3M Highland Self-Stick Removable Notes- 3 x 5 Inches 100 sheets,-,100 sheets,,105,105,,CLEANING & HOUSEHOLD,40126485,3M Highland,https://mbtegbgsvxbefyzyxlyr.supabase.co/storage/v1/object/public/user-data/40126485_3-3m-highland-self-stick-removable-notes-3-x-5-inches.jpg
3M Highland Self-Stick Removable Notes- 3 x 3 Inches 100 sheets,-,100 sheets,,110,110,,CLEANING & HOUSEHOLD,8.90E+12,3M Highland,https://mbtegbgsvxbefyzyxlyr.supabase.co/storage/v1/object/public/user-data/40126483_3-3m-highland-self-stick-removable-notes-3-x-3-inches.jpg
5x speed 500ml,-,Pc,,110,110,,CLEANING & HOUSEHOLD,8.90E+12,-,https://mbtegbgsvxbefyzyxlyr.supabase.co/storage/v1/object/public/user-data/groceries.png
Ambe Syrup,Nannari 65 ml,65 ml,,35,35,,BEVERAGES,8.34E+11,Ambe,https://mbtegbgsvxbefyzyxlyr.supabase.co/storage/v1/object/public/user-data/40041878_3-ambe-syrup-nannari.jpg
5X speed premimm Floor Cleaner 1L,-,Pc,,125,125,,CLEANING & HOUSEHOLD,1741,-,https://mbtegbgsvxbefyzyxlyr.supabase.co/storage/v1/object/public/user-data/5X_speed_premimm_Floor_Cleaner_1L_1652157275646.png
 Godrej Ezee 2 in Liquid Detergent+Fabric Sanitizer 500g,-, 500G,,120,120,,CLEANING & HOUSEHOLD,"8,90,10,23,02,20,29,89,00,00,00,00,000",Ezee,https://mbtegbgsvxbefyzyxlyr.supabase.co/storage/v1/object/public/user-data/Godrej_Ezee_2_in_Liquid_Detergent_Fabric_Sanitizer_500g_1674978271271.png
7up Nimbooz 500mp,-,Pc,,30,30,,BEVERAGES,8.90E+12,-,https://mbtegbgsvxbefyzyxlyr.supabase.co/storage/v1/object/public/user-data/7up_Nimbooz_500mp_1675415150953.png
Alo Frut Kiwi Aloevera + Kiwi Fruit Drink 160 ml Bottle,-,Pc,,20,20,,BEVERAGES,8.91E+12,Alo Frut,https://mbtegbgsvxbefyzyxlyr.supabase.co/storage/v1/object/public/user-data/scaled_image_picker6394426658290697068.jpg
Ambe Blue Curacao 65 ml,-,65 ml,,45,45,,BEVERAGES,8.34E+11,Ambe,https://mbtegbgsvxbefyzyxlyr.supabase.co/storage/v1/object/public/user-data/40041880_4-ambe-blue-curacao.jpg
3M Highland Self-Stick Removable Notes- 3 x 4 Inches 100 sheets,-,100 sheets,,95,95,,CLEANING & HOUSEHOLD,8.90E+12,3M Highland,https://mbtegbgsvxbefyzyxlyr.supabase.co/storage/v1/object/public/user-data/40126484_3-3m-highland-self-stick-removable-notes-3-x-4-inches.jpg
Aio Frut Kiwi Aloevera + Kiwi Fruit Drink 1L Bottle,-,Pc,,110,110,,BEVERAGES,8.91E+12,Aio Frut,https://mbtegbgsvxbefyzyxlyr.supabase.co/storage/v1/object/public/user-data/scaled_image_picker1482102066435056742.jpg
Aio Frut Kiwi Aloevera + Kiwi Fruit Drink 160 ml Bottle,-,Pc,,20,20,,BEVERAGES,8.91E+12,Aio Frut,https://mbtegbgsvxbefyzyxlyr.supabase.co/storage/v1/object/public/user-data/scaled_image_picker6394426658290697068.jpg
Alkalen Enhanced Alkaline Water 1 L,-,1 L,,60,60,,BEVERAGES,47393846471,Alkalen,https://mbtegbgsvxbefyzyxlyr.supabase.co/storage/v1/object/public/user-data/40101705_4-alkalen-enhanced-alkaline-water.jpg
Abbott Ensure Balanced Nutrition For Adults,Vanilla Flavour 200 g ,Pc,,300,300,,BEVERAGES,8.90E+12,Abbott,https://mbtegbgsvxbefyzyxlyr.supabase.co/storage/v1/object/public/user-data/scaled_image_picker3959608149701962431.jpg
Amar Leaf Tea 250g Free Basmati Rice 200g,-,Pc,,85,85,,BEVERAGES,8.90E+12,Amar ,https://mbtegbgsvxbefyzyxlyr.supabase.co/storage/v1/object/public/user-data/Amar_Leaf_Tea_250g_Free_Basmati_Rice_200g_1652525122374.png
3 in 1 party pack senior learn products,-,Pc,,589,589,,CLEANING & HOUSEHOLD,8.90E+12,-,https://mbtegbgsvxbefyzyxlyr.supabase.co/storage/v1/object/public/user-data/3_in_1_party_pack_senior_learn_products_1673435707863.png
5x speed Surface and floor Cleaner remove 99.9% stains,-,Pc,,80,80,,CLEANING & HOUSEHOLD,8.90E+12,-,https://firebasestorage.googleapis.com/v0/b/apnidukan-a9a91.appspot.com/o/5x%20speed%20Surface%20and%20floor%20Cleaner%20remove%2099.9%25%20stains_1652103332325.png?alt=media&token=c47f1696-8cef-4db5-9091-579b94480f24
Acetone Ch3Coh3 25ml,-,Pc,,17,17,,CLEANING & HOUSEHOLD,8.91E+12,-,https://mbtegbgsvxbefyzyxlyr.supabase.co/storage/v1/object/public/user-data/Acetone_Ch3Coh3_25ml_1674993312541.png
A-Well Kitchen Towel 2 ply ,-,Pc,,85,85,,CLEANING & HOUSEHOLD,6.90E+12,A-well,https://mbtegbgsvxbefyzyxlyr.supabase.co/storage/v1/object/public/user-data/A-Well_Kitchen_Towel_2_ply_1652612170285.png
5x Speed Premium Floor Cleaner Lime 1L,-,Pc,,125,125,,CLEANING & HOUSEHOLD,-,Pine Fresh,https://mbtegbgsvxbefyzyxlyr.supabase.co/storage/v1/object/public/user-data/groceries.png
5x Speed Premium Floor Cleaner Mogra 1L,-,Pc,,125,125,,CLEANING & HOUSEHOLD,-,Pine Fresh,https://mbtegbgsvxbefyzyxlyr.supabase.co/storage/v1/object/public/user-data/groceries.png
Absorbia Dehumidifier,Family Pack 300 ml Pack of 3,300 ml Pack of 3,,529,529,,CLEANING & HOUSEHOLD,30006030,Absorbia,https://mbtegbgsvxbefyzyxlyr.supabase.co/storage/v1/object/public/user-data/30006030_1-absorbia-dehumidifier-family-pack.jpg
5x Speed Premium Floor Cleaner Rose 1L,-,Pc,,125,125,,CLEANING & HOUSEHOLD,-,Pine Fresh ,https://mbtegbgsvxbefyzyxlyr.supabase.co/storage/v1/object/public/user-data/groceries.png
Active Wheel 2 in 1 Clean & Fresh 180g,-,Pc,,10,10,,CLEANING & HOUSEHOLD,8.90E+12,-,https://mbtegbgsvxbefyzyxlyr.supabase.co/storage/v1/object/public/user-data/Active_Wheel_2_in_1_Clean_Fresh_180g_1674627572434.png
Abzorb-It Shoe Odour,Abzorber 120 g,120 g,,185,185,,CLEANING & HOUSEHOLD,-,Abzorb-It,https://mbtegbgsvxbefyzyxlyr.supabase.co/storage/v1/object/public/user-data/30007764_2-abzorb-it-shoe-odour-abzorber.jpg
Active Wheel 2 In 1 Clean & Fresh Detergent Bar 120g,-,Pc,,5,5,,CLEANING & HOUSEHOLD,"89,01,03,08,61,97,08,90,00,00,00,00,00,00,00,00,00,00,000",Wheel,https://mbtegbgsvxbefyzyxlyr.supabase.co/storage/v1/object/public/user-data/Active_Wheel_2_In_1_Clean_Fresh_Detergent_Bar_120g_1674627426277.png
Aer Click Gel,Car Air Freshener Refill Bright Tangy Delight 10 g,10 g,,175,175,,CLEANING & HOUSEHOLD,40024982,Aer,https://mbtegbgsvxbefyzyxlyr.supabase.co/storage/v1/object/public/user-data/40024982_2-aer-click-gel-car-air-freshener-refill-bright-tangy-delight.jpg
Abzorb-It Disposable Moisture Absorber 300 g Pack of 3,-,300 g Pack of 3,,458,458,,CLEANING & HOUSEHOLD,7.98E+11,Abzorb-It,https://mbtegbgsvxbefyzyxlyr.supabase.co/storage/v1/object/public/user-data/40112537_2-abzorb-it-disposable-moisture-absorber.jpg
Absorbia Dehumidifier,Closet Pouch 400 g,400 g,,219,219,,CLEANING & HOUSEHOLD,30006028,Absorbia,https://mbtegbgsvxbefyzyxlyr.supabase.co/storage/v1/object/public/user-data/30006028_2-absorbia-dehumidifier-closet-pouch.jpg
Absorbia Dehumidifier,Reusable 400 g,400 g,,299,299,,CLEANING & HOUSEHOLD,30006029,Absorbia,https://mbtegbgsvxbefyzyxlyr.supabase.co/storage/v1/object/public/user-data/30006029_1-absorbia-dehumidifier-reusable.jpg
Absorbia Dehumidifier,Sachet 100 g,100 g,,110,110,,CLEANING & HOUSEHOLD,30006031,Absorbia,https://mbtegbgsvxbefyzyxlyr.supabase.co/storage/v1/object/public/user-data/30006031_1-absorbia-dehumidifier-sachet.jpg
Absorb-It Fridge,Odour 120 g,120 g,,185,185,,CLEANING & HOUSEHOLD,30007763,Absorb-It,https://mbtegbgsvxbefyzyxlyr.supabase.co/storage/v1/object/public/user-data/30007763_2-absorb-it-fridge-odour.jpg
A Well Maisture Absorber Humidity Reducer But 1+1 Free 230g,-,Pc,,220,220,,CLEANING & HOUSEHOLD,8.91E+12,-,https://mbtegbgsvxbefyzyxlyr.supabase.co/storage/v1/object/public/user-data/A_Well_Maisture_Absorber_Humidity_Reducer_But_1_1_Free_230g_1674991638798.png
Active Wheel 2 in 1 Clean & Fresh 190g,-,Pc,,10,10,,CLEANING & HOUSEHOLD,8.90E+12,-,https://mbtegbgsvxbefyzyxlyr.supabase.co/storage/v1/object/public/user-data/Active_Wheel_2_in_1_Clean_Fresh_190g_1674627621989.png
Aer Click Gel,Car Air Freshener Refill Cool Surf Blue 10 g,10 g,,175,175,,CLEANING & HOUSEHOLD,8.90E+12,Aer,https://mbtegbgsvxbefyzyxlyr.supabase.co/storage/v1/object/public/user-data/100567463_6-aer-click-gel-car-air-freshener-refill-cool-surf-blue.jpg
Absorb-It Moisture Absorber,Refill 1.2 kg,1.2 kg,,320,320,,CLEANING & HOUSEHOLD,30007762,Absorb-It,https://mbtegbgsvxbefyzyxlyr.supabase.co/storage/v1/object/public/user-data/30007762_2-absorb-it-moisture-absorber-refill.jpg
Aer Power Pocket,Long Lasting Bathroom Fragrance Lavender Bloom 10 g,  10 g,,60,60,,CLEANING & HOUSEHOLD,"8,90,10,23,02,51,81,89,00,00,00,00,000",Aer,https://mbtegbgsvxbefyzyxlyr.supabase.co/storage/v1/object/public/user-data/40045756_6-aer-power-pocket-long-lasting-bathroom-fragrance-lavender-bloom.jpg
Aer Matic,Automatic Air Freshener Refill Petal Crush Pink 225 ml, 225 ml,,249,249,,CLEANING & HOUSEHOLD,8.90E+12,Aer,https://mbtegbgsvxbefyzyxlyr.supabase.co/storage/v1/object/public/user-data/40134360_2-aer-matic-automatic-air-freshener-refill-petal-crush-pink.jpg
aer matic Alive Aroma Effect Automatic SPRAY Refill 225ml,-,Pc,,299,299,,CLEANING & HOUSEHOLD,8.90E+12,Godrej,https://mbtegbgsvxbefyzyxlyr.supabase.co/storage/v1/object/public/user-data/aer_matic_Aroma_Effect_Automatic_SPRAY_Refill_1652161975390.png
Aer Refill Gel Car Air Freshener Refill Rich Irish Cocktail 10 g,-,10 g,,175,175,,CLEANING & HOUSEHOLD,8.90E+12,Aer,https://mbtegbgsvxbefyzyxlyr.supabase.co/storage/v1/object/public/user-data/Aer_Refill_Gel_Car_Air_Freshener_Refill_Rich_Irish_Cocktail_10_g_1653302521625.png
Aer Power Pocket,Long Lasting Bathroom Fragrance Floral Delight 10 g,10 g,,60,60,,CLEANING & HOUSEHOLD,"8,90,10,23,02,58,46,89,00,00,00,00,000",Aer,https://mbtegbgsvxbefyzyxlyr.supabase.co/storage/v1/object/public/user-data/40105938_6-aer-power-pocket-long-lasting-bathroom-fragrance-floral-delight.jpg
Aer Matic,Automatic Air Freshener Kit With Flexi Control Petal Crush Pink 225 ml,225 ml,,569,569,,CLEANING & HOUSEHOLD,8.90E+12,Aer,https://mbtegbgsvxbefyzyxlyr.supabase.co/storage/v1/object/public/user-data/40134364_2-aer-matic-automatic-air-freshener-kit-with-flexi-control-petal-crush-pink.jpg
Aer Click Gel,Car Vent Air Freshener Kit Bright Tangy Delight 10 g,10 g,,299,299,,CLEANING & HOUSEHOLD,"89,01,02,30,36,21,89,00,00,00,00,000",Aer,https://mbtegbgsvxbefyzyxlyr.supabase.co/storage/v1/object/public/user-data/40024978_4-aer-click-gel-car-vent-air-freshener-kit-bright-tangy-delight.jpg
Aer Matic,Automatic Air Freshener Refill Pack Violet Valley Bloom 225 ml,225 ml,,249,249,,CLEANING & HOUSEHOLD,8.90E+12,Aer,https://mbtegbgsvxbefyzyxlyr.supabase.co/storage/v1/object/public/user-data/40134361_2-aer-matic-automatic-air-freshener-refill-pack-violet-valley-bloom.jpg
aer matic Passion Aroma Effects 225ml ,-,Pc,,299,299,,CLEANING & HOUSEHOLD,8.90E+12,godrej,https://mbtegbgsvxbefyzyxlyr.supabase.co/storage/v1/object/public/user-data/aer_matic_Passion_Aroma_Effects_225ml_1652161840828.png
Aer Matic Automatic Air Freshener Kit With Flexi Control Violet Valley Bloom 225 ml,-, 225 ml,,499,499,,CLEANING & HOUSEHOLD,8.90E+12,Aer,https://mbtegbgsvxbefyzyxlyr.supabase.co/storage/v1/object/public/user-data/40134365_2-aer-matic-automatic-air-freshener-kit-with-flexi-control-violet-valley-bloom.jpg
Aer Click Gel,Car Air Freshener Refill Fresh Lush Green 10 g,10 g,,299,299,,CLEANING & HOUSEHOLD,8.90E+12,Aer,https://mbtegbgsvxbefyzyxlyr.supabase.co/storage/v1/object/public/user-data/100567462_13-aer-click-gel-car-air-freshener-refill-fresh-lush-green.jpg
Aer Click Gel,Car Vent Air Freshener Kit Musk After Smoke 10 g,10 g,,299,299,,CLEANING & HOUSEHOLD,8.90E+12,Aer,https://mbtegbgsvxbefyzyxlyr.supabase.co/storage/v1/object/public/user-data/40012369_11-aer-click-gel-car-vent-air-freshener-kit-musk-after-smoke.jpg
Aer Power Pocket,Long Lasting Bathroom Fragrance Berry Rush 10 g,10 g,,60,60,,CLEANING & HOUSEHOLD,"8,90,10,23,02,50,68,89,00,00,00,00,000",Aer,https://mbtegbgsvxbefyzyxlyr.supabase.co/storage/v1/object/public/user-data/40105939_5-aer-power-pocket-long-lasting-bathroom-fragrance-berry-rush.jpg
Aer Matic Air Freshener Refill Cool Surf Blue 225 ml,-, 225 ml,,569,569,,CLEANING & HOUSEHOLD,8.90E+12,Aer,https://mbtegbgsvxbefyzyxlyr.supabase.co/storage/v1/object/public/user-data/Aer_Matic_Air_Freshener_Refill_Cool_Surf_Blue_225_ml_1653299461800.png
Aer Flexi Control Cool Surf Blue 225 ml,-, 225 ml,,285,285,,CLEANING & HOUSEHOLD,8.90E+12,Aer,https://mbtegbgsvxbefyzyxlyr.supabase.co/storage/v1/object/public/user-data/40134363_2-aer-matic-automatic-air-freshener-kit-with-flexi-control-cool-surf-blue.jpg
Aer Click Gel,Car Vent Air Freshener Kit Fresh Lush Green 10 g (Refill Pack),10 g (Refill Pack),,299,299,,CLEANING & HOUSEHOLD,8.90E+12,Aer,https://mbtegbgsvxbefyzyxlyr.supabase.co/storage/v1/object/public/user-data/100567459_13-aer-click-gel-car-vent-air-freshener-kit-fresh-lush-green.jpg
Aer Pocket,Bathroom Air Fragrances 10 g (Assorted Pack of 5),10 g (Assorted Pack of 5),,265,265,,CLEANING & HOUSEHOLD,8.90E+12,Aer,https://mbtegbgsvxbefyzyxlyr.supabase.co/storage/v1/object/public/user-data/40122556_3-aer-pocket-bathroom-air-fragrances.jpg
Aer Click Gel,Car Vent Air Freshener Kit Petal Crush Pink 10 g,10 g,,175,175,,CLEANING & HOUSEHOLD,100567458,Aer,https://mbtegbgsvxbefyzyxlyr.supabase.co/storage/v1/object/public/user-data/100567458_4-aer-click-gel-car-vent-air-freshener-kit-petal-crush-pink.jpg
Aer Click Gel,Car Air Freshener Refill Petal Crush Pink 10 g,10 g,,175,175,,CLEANING & HOUSEHOLD,8.90E+12,Aer,https://mbtegbgsvxbefyzyxlyr.supabase.co/storage/v1/object/public/user-data/40024981_3-aer-click-gel-car-air-freshener-refill-petal-crush-pink.jpg
Aer Power Pocket,Long Lasting Bathroom Fragrance Fresh Blossom 10 g,10 g,,55,55,,CLEANING & HOUSEHOLD,"8,90,10,23,02,50,75,89,00,00,00,00,000",Aer,https://mbtegbgsvxbefyzyxlyr.supabase.co/storage/v1/object/public/user-data/40045755_5-aer-power-pocket-long-lasting-bathroom-fragrance-fresh-blossom.jpg
Aer Power Pocket,Long Lasting Bathroom Fragrance Sea Breeze 10 g,  10 g,,60,60,,CLEANING & HOUSEHOLD,"89,01,02,30,25,08,28,90,00,00,00,00,00,00,00,00,00,00,000",Aer,https://mbtegbgsvxbefyzyxlyr.supabase.co/storage/v1/object/public/user-data/40045754_5-aer-power-pocket-long-lasting-bathroom-fragrance-sea-breeze.jpg
Aer Click Gel,Car Vent Air Freshener Kit Cool Surf Blue 10 g,10 g,,299,299,,CLEANING & HOUSEHOLD,8.90E+12,Aer,https://mbtegbgsvxbefyzyxlyr.supabase.co/storage/v1/object/public/user-data/100567460_9-aer-click-gel-car-vent-air-freshener-kit-cool-surf-blue.jpg
Aer Click Gel,Car Air Freshener Refill Musk After Smoke 10 g Carton,10 g Carton,,175,175,,CLEANING & HOUSEHOLD,8.90E+12,Aer,https://mbtegbgsvxbefyzyxlyr.supabase.co/storage/v1/object/public/user-data/40023445_3-aer-click-gel-car-air-freshener-refill-musk-after-smoke.jpg
Aer Matic,Automatic Air Freshener Refill Fresh Lush Green 225 ml,225 ml,,249,249,,CLEANING & HOUSEHOLD,8.90E+12,Aer,https://mbtegbgsvxbefyzyxlyr.supabase.co/storage/v1/object/public/user-data/40134359_2-aer-matic-automatic-air-freshener-refill-fresh-lush-green.jpg
Aer Power Pocket,Bathroom Air Fragrance 10 g (Assorted Pack of 3),10 g (Assorted Pack of 3),,165,165,,CLEANING & HOUSEHOLD,"8,90,10,23,01,53,97,20,00,00,00,00,000",Aer,https://mbtegbgsvxbefyzyxlyr.supabase.co/storage/v1/object/public/user-data/40081046_5-aer-power-pocket-bathroom-air-fragrance.jpg
Aer Spray,Home & Office Air Freshener Morning Misty Meadows 240 ml,240 ml,,149,149,,CLEANING & HOUSEHOLD,"8,90,10,23,01,28,77,89,00,00,00,00,000",Aer,https://mbtegbgsvxbefyzyxlyr.supabase.co/storage/v1/object/public/user-data/40024977_6-aer-spray-home-office-air-freshener-morning-misty-meadows.jpg
Aer Spray Premium Air Freshener Relax 240 ml,-, 240 ml,,179,179,,CLEANING & HOUSEHOLD,8.90E+12,Aer,https://mbtegbgsvxbefyzyxlyr.supabase.co/storage/v1/object/public/user-data/40153711_1-aer-spray-premium-air-freshener-relax.jpg
Camlin Exam Mathematical Drawing Instruments 10N,-,Pc,,140,140,,EGGS| MEAT & FISH,8.90E+12,-,https://mbtegbgsvxbefyzyxlyr.supabase.co/storage/v1/object/public/user-data/Camlin_Exam_Mathematical_Drawing_Instruments_10N_1673341233970.png
Aer Spray,Home & Office Air Freshener Cool Surf Blue 240 ml,240 ml,,149,149,,CLEANING & HOUSEHOLD,"2,40,13,20,25,40,25,89,00,00,00,00,000",Aer,https://mbtegbgsvxbefyzyxlyr.supabase.co/storage/v1/object/public/user-data/100567469_9-aer-spray-home-office-air-freshener-cool-surf-blue.jpg
24 Mantra  Turmeric Powder 100 g Pouch,-, 100 g Pouch,,40,40,,FOODGRAINS| OIL & MASALA,8.90E+12,24 Mantra,https://mbtegbgsvxbefyzyxlyr.supabase.co/storage/v1/object/public/user-data/279801_6-24-mantra-organic-powder-turmeric.jpg
Aer Twist Gel,Car Air Freshener Bright Tangy Delight 45 g,45 g,,379,379,,CLEANING & HOUSEHOLD,8.90E+12,Aer,https://mbtegbgsvxbefyzyxlyr.supabase.co/storage/v1/object/public/user-data/40024980_4-aer-twist-gel-car-air-freshener-bright-tangy-delight.jpg
Egg,-,Piece,,7,7,,EGGS| MEAT & FISH,1.66E+12,-,https://mbtegbgsvxbefyzyxlyr.supabase.co/storage/v1/object/public/user-data/groceries.png
Fishlicious Tuna Chunks In Spring Water 185g,-,Pc,,195,195,,EGGS| MEAT & FISH,8.85E+12,Golden Prize ,https://mbtegbgsvxbefyzyxlyr.supabase.co/storage/v1/object/public/user-data/Fishlicious_Tuna_Chunks_In_Spring_Water_185g_1652422444018.png
Golden Prize Fishlicious Tuna 185g,-,Pc,,149,149,,EGGS| MEAT & FISH,8.85E+12,Golden Prize ,https://mbtegbgsvxbefyzyxlyr.supabase.co/storage/v1/object/public/user-data/Golden_Prize_Fishlicious_Tuna_185g_1652422065919.png
Fevicryt 3D Outliners Glitter 5 Shades ,-,Pc,,125,125,,EGGS| MEAT & FISH,8.90E+12,-,https://mbtegbgsvxbefyzyxlyr.supabase.co/storage/v1/object/public/user-data/Fevicryt_3D_Outliners_Glitter_5_Shades_1673345211414.png
Camlin Nova Mathematical Drawing Instruments 1U,-,Pc,,200,200,,EGGS| MEAT & FISH,8.90E+12,-,https://mbtegbgsvxbefyzyxlyr.supabase.co/storage/v1/object/public/user-data/Camlin_Nova_Mathematical_Drawing_Instruments_1U_1673341437950.png
Golden Prize Fishlicious Tuna flakes in brine 185g,-,Pc,,149,149,,EGGS| MEAT & FISH,8.85E+12,Golden Prize ,https://mbtegbgsvxbefyzyxlyr.supabase.co/storage/v1/object/public/user-data/Golden_Prize_Fishlicious_Tuna_flakes_in_brine_185g_1675840619943.png
Aer Spray,Home & Office Air Freshener Musk After Smoke 240 ml,240 ml,,149,149,,CLEANING & HOUSEHOLD,8.90E+12,Aer,https://mbtegbgsvxbefyzyxlyr.supabase.co/storage/v1/object/public/user-data/40012370_9-aer-spray-home-office-air-freshener-musk-after-smoke.jpg
Aer Spray,Home & Office Air Freshener Petal Crush Pink 240 ml,240 ml,,149,149,,CLEANING & HOUSEHOLD,"8,90,11,57,04,50,93,89,00,00,00,00,000",Aer,https://mbtegbgsvxbefyzyxlyr.supabase.co/storage/v1/object/public/user-data/40006982_8-aer-spray-home-office-air-freshener-petal-crush-pink.jpg
24 Mantra  Mustard Seeds 100 g Pouch,-, 100 g Pouch,,25,25,,FOODGRAINS| OIL & MASALA,8.90E+12,24 Mantra,https://mbtegbgsvxbefyzyxlyr.supabase.co/storage/v1/object/public/user-data/279819_7-24-mantra-organic-mustard-seeds-whole-big.jpg
Aer Spray,Home & Office Air Freshener Violet Valley Bloom 240 ml, 240 ml,,149,149,,CLEANING & HOUSEHOLD,"8,90,10,23,01,28,84,89,00,00,00,00,00,00,00,00,00,00,000",Aer,https://mbtegbgsvxbefyzyxlyr.supabase.co/storage/v1/object/public/user-data/40024976_6-aer-spray-home-office-air-freshener-violet-valley-bloom.jpg
 Dr.Oetkar Funfoods Garlic Chilli Dip 250g,-,250G,,79,79,,FOODGRAINS| OIL & MASALA,8.91E+12,Dr.Oetkar,https://mbtegbgsvxbefyzyxlyr.supabase.co/storage/v1/object/public/user-data/Dr.Oetkar_Funfoods_Garlic_Chilli_Dip_250g_1652420689938.png
24 Mantra Chana Dal 500 g Pouch,-, 500 g Pouch,,85,85,,FOODGRAINS| OIL & MASALA,20001060,24 Mantra,https://mbtegbgsvxbefyzyxlyr.supabase.co/storage/v1/object/public/user-data/20001060_2-24-mantra-organic-dal-chana-dal.jpg
Aer Spray Premium Air Freshener Alive 240 ml,-, 240 ml,,179,179,,CLEANING & HOUSEHOLD,8.90E+12,Aer,https://mbtegbgsvxbefyzyxlyr.supabase.co/storage/v1/object/public/user-data/40153710_1-aer-spray-premium-air-freshener-alive.jpg
Tuna Chuks In Olive Oil 185g,-,Pc,,225,225,,EGGS| MEAT & FISH,8.85E+12,Golden Prize ,https://mbtegbgsvxbefyzyxlyr.supabase.co/storage/v1/object/public/user-data/Tuna_Chuks_In_Olive_Oil_185g_1652422322972.png
Camlin Canvas Board 25.40??25.40cm 1N ,-,Pc,,85,85,,EGGS| MEAT & FISH,8.90E+12,-,https://mbtegbgsvxbefyzyxlyr.supabase.co/storage/v1/object/public/user-data/Camlin_Canvas_Board_1N_1673342098348.png
24 Mantra Expeller Pressed,Sunflower Oil 1 L Bottle,1 L Bottle,,289,289,,FOODGRAINS| OIL & MASALA,8.90E+12,24 Mantra,https://mbtegbgsvxbefyzyxlyr.supabase.co/storage/v1/object/public/user-data/20001049_6-24-mantra-expeller-pressed-sunflower-oil.jpg
Aer Spray,Home and Office Air Freshener Fresh Lush Green 240 ml,270 ml,,149,149,,CLEANING & HOUSEHOLD,8.90E+12,Aer,https://mbtegbgsvxbefyzyxlyr.supabase.co/storage/v1/object/public/user-data/40006981_10-aer-spray-home-and-office-air-freshener-fresh-lush-green.jpg
Sandwich Tuna Flakes In Soya Bean Oil 185g,-,Pc,,155,155,,EGGS| MEAT & FISH,8.85E+12,Golden Prize ,https://mbtegbgsvxbefyzyxlyr.supabase.co/storage/v1/object/public/user-data/Sandwich_Tuna_Flakes_In_Soya_Bean_Oil_185g_1652422193430.png
24 Mantra Fenugreek Seeds 100 g Pouch,-, 100 g Pouch,,30,30,,FOODGRAINS| OIL & MASALA,279817,24 Mantra,https://mbtegbgsvxbefyzyxlyr.supabase.co/storage/v1/object/public/user-data/279817_5-24-mantra-organic-fenugreek-seeds.jpg
Eggs Crate 30pc,-,Pc,,180,180,,EGGS| MEAT & FISH,-,-,https://mbtegbgsvxbefyzyxlyr.supabase.co/storage/v1/object/public/user-data/groceries.png
24 Mantra Naturals,Kismis 100 g Pouch,100 g Pouch,,75,75,,FOODGRAINS| OIL & MASALA,8.90E+12,24 Mantra,https://mbtegbgsvxbefyzyxlyr.supabase.co/storage/v1/object/public/user-data/20001064_4-24-mantra-naturals-kismis.jpg
24 Mantra Organic,Brown Channa 1 kg Pouch,1 kg Pouch,,150,150,,FOODGRAINS| OIL & MASALA,8.90E+12,24 Mantra,https://mbtegbgsvxbefyzyxlyr.supabase.co/storage/v1/object/public/user-data/40012924_4-24-mantra-organic-brown-channa.jpg
24 Mantra Organic,Jaggery 450 g Pouch,450 g Pouch,,85,85,,FOODGRAINS| OIL & MASALA,279802,24 Mantra,https://mbtegbgsvxbefyzyxlyr.supabase.co/storage/v1/object/public/user-data/279802_6-24-mantra-organic-jaggery.jpg
24 Mantra Organic,Cinnamon 100 g Pouch,100 g Pouch,,100,100,,FOODGRAINS| OIL & MASALA,279858,24 Mantra,https://mbtegbgsvxbefyzyxlyr.supabase.co/storage/v1/object/public/user-data/279858_2-24-mantra-organic-cinnamon.jpg
24 Mantra Organic,Ajwain 100 g Pouch,100 g Pouch,,80,80,,FOODGRAINS| OIL & MASALA,-,24 Mantra,https://mbtegbgsvxbefyzyxlyr.supabase.co/storage/v1/object/public/user-data/100346955_3-24-mantra-organic-ajwain.jpg
24 Mantra Kanda Poha 200 g,-,200 g,,90,90,,FOODGRAINS| OIL & MASALA,8.90E+12,24 Mantra,https://mbtegbgsvxbefyzyxlyr.supabase.co/storage/v1/object/public/user-data/40075084_5-24-mantra-kanda-poha.jpg
24 Mantra Organic,Kabuli Channa 500 g Pouch,500 g Pouch,,95,95,,FOODGRAINS| OIL & MASALA,8.90E+12,24 Mantra,https://mbtegbgsvxbefyzyxlyr.supabase.co/storage/v1/object/public/user-data/279820_4-24-mantra-organic-kabuli-channa.jpg
24 Mantra Organic,Chili Powder 200 g Pouch,200 g Pouch,,91,91,,FOODGRAINS| OIL & MASALA,8.90E+12,24 Mantra,https://mbtegbgsvxbefyzyxlyr.supabase.co/storage/v1/object/public/user-data/40012927_3-24-mantra-organic-chili-powder.jpg
24 Mantra Organic,Masoor Whole 500 g, 500 g,,95,95,,FOODGRAINS| OIL & MASALA,8.90E+12,24 Mantra,https://mbtegbgsvxbefyzyxlyr.supabase.co/storage/v1/object/public/user-data/40017637_2-24-mantra-organic-masoor-whole.jpg
24 Mantra Naturals,Almonds 100 g Pouch,100 g Pouch,,160,160,,FOODGRAINS| OIL & MASALA,8.90E+12,24 Mantra,https://mbtegbgsvxbefyzyxlyr.supabase.co/storage/v1/object/public/user-data/20001063_3-24-mantra-naturals-almonds.jpg
24 Mantra Organic,Cloves 50 g Pouch,50 g Pouch,,220,220,,FOODGRAINS| OIL & MASALA,8.90E+12,24 Mantra,https://mbtegbgsvxbefyzyxlyr.supabase.co/storage/v1/object/public/user-data/279859_1-24-mantra-organic-cloves.jpg
24 Mantra Gojji Avalaki 200 g,-,200 g,,60,60,,FOODGRAINS| OIL & MASALA,8.90E+12,24 Mantra,https://mbtegbgsvxbefyzyxlyr.supabase.co/storage/v1/object/public/user-data/40075083_2-24-mantra-gojji-avalaki.jpg
24 Mantra Organic,Fennel 100 g Pouch,100 g Pouch,,80,80,,FOODGRAINS| OIL & MASALA,8.90E+12,24 Mantra,https://mbtegbgsvxbefyzyxlyr.supabase.co/storage/v1/object/public/user-data/20001052_3-24-mantra-organic-fennel.jpg
24 Mantra Organic,Garam Masala 50 g Carton,50 g Carton,,75,75,,FOODGRAINS| OIL & MASALA,8.90E+12,24 Mantra,https://mbtegbgsvxbefyzyxlyr.supabase.co/storage/v1/object/public/user-data/301990_1-24-mantra-organic-garam-masala.jpg
24 Mantra Organic,Kabuli Channa 1 kg Pouch,1 kg Pouch,,190,190,,FOODGRAINS| OIL & MASALA,8.90E+12,24 Mantra,https://mbtegbgsvxbefyzyxlyr.supabase.co/storage/v1/object/public/user-data/40012923_1-24-mantra-organic-kabuli-channa.jpg
24 Mantra Himalayan Rock Salt Powder 1 kg,-,1 kg,,150,150,,FOODGRAINS| OIL & MASALA,40158108,24 Mantra,https://mbtegbgsvxbefyzyxlyr.supabase.co/storage/v1/object/public/user-data/40158108_1-24-mantra-himalayan-rock-salt-powder.jpg
24 Mantra Organic,Channa Dal 1 kg Pouch,1 kg Pouch,,170,170,,FOODGRAINS| OIL & MASALA,8.90E+12,24 Mantra,https://mbtegbgsvxbefyzyxlyr.supabase.co/storage/v1/object/public/user-data/20001040_4-24-mantra-organic-channa-dal.jpg
24 Mantra Organic,Peanut 1 kg Pouch,1 kg Pouch,,280,280,,FOODGRAINS| OIL & MASALA,8.90E+12,24 Mantra,https://mbtegbgsvxbefyzyxlyr.supabase.co/storage/v1/object/public/user-data/20001077_5-24-mantra-organic-peanut.jpg
24 Mantra Organic,Brown Sonamasuri Rice 10 kg Bag,10 kg Bag,,890,890,,FOODGRAINS| OIL & MASALA,8.90E+12,24 Mantra,https://mbtegbgsvxbefyzyxlyr.supabase.co/storage/v1/object/public/user-data/40012908_4-24-mantra-organic-brown-sonamasuri-rice.jpg
24 Mantra Organic,Masoor Dal 1 kg Pouch,1 kg Pouch,,190,190,,FOODGRAINS| OIL & MASALA,100448215,24 Mantra,https://mbtegbgsvxbefyzyxlyr.supabase.co/storage/v1/object/public/user-data/100448215_4-24-mantra-organic-masoor-dal.jpg
24 Mantra Organic,Cardamom 50 g,50 g,,220,220,,FOODGRAINS| OIL & MASALA,8.90E+12,24 Mantra,https://mbtegbgsvxbefyzyxlyr.supabase.co/storage/v1/object/public/user-data/40017638_1-24-mantra-organic-cardamom.jpg
24 Mantra Natural Sugar,Sulphurless 500 g Pouch,500 g Pouch,,60,60,,FOODGRAINS| OIL & MASALA,8.90E+12,24 Mantra,https://mbtegbgsvxbefyzyxlyr.supabase.co/storage/v1/object/public/user-data/279807_4-24-mantra-natural-sugar-sulphurless.jpg
24 Mantra Organic Brown Chana 500 g Pouch,-,500 g Pouch,,75,75,,FOODGRAINS| OIL & MASALA,8.90E+12,24 Mantra,https://mbtegbgsvxbefyzyxlyr.supabase.co/storage/v1/object/public/user-data/279830_6-24-mantra-organic-brown-chana.jpg
24 Mantra Organic Black Pepper Powder 100 g Pouch,-,100 g Pouch,,170,170,,FOODGRAINS| OIL & MASALA,3.90E+12,24 Mantra,https://mbtegbgsvxbefyzyxlyr.supabase.co/storage/v1/object/public/user-data/279856_4-24-mantra-organic-black-pepper-powder.jpg
24 Mantra Organic,Turmeric Powder 200 g Pouch,200 g Pouch,,56,56,,FOODGRAINS| OIL & MASALA,8.90E+12,24 Mantra,https://mbtegbgsvxbefyzyxlyr.supabase.co/storage/v1/object/public/user-data/40012910_6-24-mantra-organic-turmeric-powder.jpg
24 Mantra Organic,Whole Wheat Flour 10 kg,10 kg,,570,570,,FOODGRAINS| OIL & MASALA,9.96E+12,24 Mantra,https://mbtegbgsvxbefyzyxlyr.supabase.co/storage/v1/object/public/user-data/40017628_1-24-mantra-organic-whole-wheat-flour.jpg
24 Mantra Organic,Sugar 500 g Pouch,500 g Pouch,,70,70,,FOODGRAINS| OIL & MASALA,8.90E+12,24 Mantra,https://mbtegbgsvxbefyzyxlyr.supabase.co/storage/v1/object/public/user-data/279829_4-24-mantra-organic-sugar.jpg
24 Mantra Organic Atta,Multigrain 1kg,1 kg,,95,95,,FOODGRAINS| OIL & MASALA,8.90E+12,24 Mantra,https://mbtegbgsvxbefyzyxlyr.supabase.co/storage/v1/object/public/user-data/279851_6-24-mantra-organic-atta-multigrain.jpg
24 Mantra Organic,Red Rice 1 kg,1 kg,,120,120,,FOODGRAINS| OIL & MASALA,40017635,24 Mantra,https://mbtegbgsvxbefyzyxlyr.supabase.co/storage/v1/object/public/user-data/40017635_3-24-mantra-organic-red-rice.jpg
24 Mantra Organic Bran,Wheat 500 g Pouch,500 g Pouch,,45,45,,FOODGRAINS| OIL & MASALA,8.90E+11,24 Mantra,https://mbtegbgsvxbefyzyxlyr.supabase.co/storage/v1/object/public/user-data/20001061_5-24-mantra-organic-bran-wheat.jpg
24 Mantra Organic Black Pepper,Whole 100 g Pouch,100 g Pouch,,119,119,,FOODGRAINS| OIL & MASALA,8.90E+12,24 Mantra,https://mbtegbgsvxbefyzyxlyr.supabase.co/storage/v1/object/public/user-data/279855_8-24-mantra-organic-black-pepper-whole.jpg
24 Mantra Organic,Tamarind 500 g Pouch,500 g Pouch,,240,240,,FOODGRAINS| OIL & MASALA,8.90E+12,24 Mantra,https://mbtegbgsvxbefyzyxlyr.supabase.co/storage/v1/object/public/user-data/279815_1-24-mantra-organic-tamarind.jpg
24 Mantra Organic,Sonamasuri Brown Rice 2 kg Pouch,2 kg Pouch,,178,178,,FOODGRAINS| OIL & MASALA,8.90E+12,24 Mantra,https://mbtegbgsvxbefyzyxlyr.supabase.co/storage/v1/object/public/user-data/40012920_2-24-mantra-organic-sonamasuri-brown-rice.jpg
24 Mantra Organic Bajra Flour 500 g Pouch,-,500 g Pouch,,55,55,,FOODGRAINS| OIL & MASALA,8.90E+12,24 Mantra,https://mbtegbgsvxbefyzyxlyr.supabase.co/storage/v1/object/public/user-data/279783_5-24-mantra-organic-bajra-flour.jpg
24 Mantra Organic,Semi Brown Sonamasuri Rice 10 kg Bag,10 kg Bag,,890,890,,FOODGRAINS| OIL & MASALA,8.90E+12,24 Mantra,https://mbtegbgsvxbefyzyxlyr.supabase.co/storage/v1/object/public/user-data/40012909_4-24-mantra-organic-semi-brown-sonamasuri-rice.jpg
